Indian Brook	Nova Scotia	Canada	45.0867613	-63.4819262	2332	1
Seal Island	Nova Scotia	Canada	43.40899817	-66.01825365	2	2
The Hawk	Nova Scotia	Canada	43.4178	-65.6211	143	3
Lower Clark's Harbour	Nova Scotia	Canada	43.43295014	-65.616784	198	4
Clark's Harbour	Nova Scotia	Canada	43.4477585	-65.6385722	725	5
South Side	Nova Scotia	Canada	43.4492	-65.5978	318	6
West Head	Nova Scotia	Canada	43.4575	-65.6467	57	7
East Baccaro	Nova Scotia	Canada	43.4625	-65.4683	98	8
West Baccaro	Nova Scotia	Canada	43.4644	-65.4869	86	9
Newellton	Nova Scotia	Canada	43.4683	-65.6336	364	10
Stoney Island	Nova Scotia	Canada	43.469994	-65.57003	251	11
Centreville	Nova Scotia	Canada	43.47606031	-65.60023269	240	12
Baccaro	Nova Scotia	Canada	43.4792	-65.4739	42	13
Bear Point	Nova Scotia	Canada	43.4867	-65.6575	232	14
Clam Point	Nova Scotia	Canada	43.4917	-65.5736	288	15
Prospect Point	Nova Scotia	Canada	43.4931069	-65.7190031	23	16
Shag Harbour	Nova Scotia	Canada	43.4942	-65.7181	190	17
Port La Tour	Nova Scotia	Canada	43.4972	-65.4747	152	18
Lower Shag Harbour	Nova Scotia	Canada	43.5042	-65.6872	196	19
Atwoods Brook	Nova Scotia	Canada	43.5092	-65.6553	57	20
North East Point	Nova Scotia	Canada	43.5097	-65.6089	420	21
Upper Port La Tour	Nova Scotia	Canada	43.5122	-65.47	160	22
Doctors Cove	Nova Scotia	Canada	43.5161	-65.6328	121	23
Lower Woods Harbour	Nova Scotia	Canada	43.52230847	-65.73229987	415	24
Villagedale	Nova Scotia	Canada	43.5239	-65.545	29	25
Barrington Passage	Nova Scotia	Canada	43.5275	-65.6092	333	26
Woods Harbour	Nova Scotia	Canada	43.53195396	-65.7329151	61	27
Reynoldscroft	Nova Scotia	Canada	43.5322	-65.455	26	28
Sherose Island	Nova Scotia	Canada	43.53854	-65.60345	93	29
Crowell	Nova Scotia	Canada	43.540724	-65.606787	32	30
Sebim Beach	Nova Scotia	Canada	43.54712753	-65.55547249	6	31
Coffinscroft	Nova Scotia	Canada	43.5483	-65.5539	50	32
Forbes Point	Nova Scotia	Canada	43.55	-65.7486	80	33
Central Woods Harbour	Nova Scotia	Canada	43.55055885	-65.73221725	147	34
North East Harbour	Nova Scotia	Canada	43.5517	-65.3861	66	35
Brass Hill	Nova Scotia	Canada	43.5525	-65.6008	245	36
Eel Bay	Nova Scotia	Canada	43.556236	-65.453543	44	37
North West Harbour	Nova Scotia	Canada	43.5631	-65.4142	52	38
Barrington	Nova Scotia	Canada	43.5646	-65.5639	147	39
Ingomar	Nova Scotia	Canada	43.5647	-65.3583	90	40
Thomasville	Nova Scotia	Canada	43.5667	-65.4531	37	41
Otter Point	Nova Scotia	Canada	43.5733853	-65.5852683	33	42
Upper Woods Harbour	Nova Scotia	Canada	43.57647285	-65.74424241	245	43
Charlesville	Nova Scotia	Canada	43.5825	-65.7789	97	44
Round Bay	Nova Scotia	Canada	43.5928	-65.3519	13	45
Port Saxon	Nova Scotia	Canada	43.5939	-65.4358	62	46
Lower East Pubnico	Nova Scotia	Canada	43.6	-65.766667	155	47
Port Clyde	Nova Scotia	Canada	43.605	-65.4681	143	48
Roseway	Nova Scotia	Canada	43.625	-65.3497	40	49
Lower West Pubnico	Nova Scotia	Canada	43.6272837	-65.8022795	729	50
Crane's Point	Nova Scotia	Canada	43.63048685	-65.3432356	13	51
Clyde River	Nova Scotia	Canada	43.6319	-65.4806	227	52
Middle West Pubnico	Nova Scotia	Canada	43.649118	-65.803402	372	53
Middle East Pubnico	Nova Scotia	Canada	43.652852	-65.76469	196	54
Carleton Village	Nova Scotia	Canada	43.6606	-65.3328	46	55
Quinns Falls	Nova Scotia	Canada	43.6664004	-65.48348625	42	56
East Pubnico	Nova Scotia	Canada	43.670595	-65.760729	106	57
Lower Sandy Point	Nova Scotia	Canada	43.672	-65.2853	157	58
Upper West Pubnico-West Pubnico	Nova Scotia	Canada	43.672782	-65.798129	512	59
Gunning Cove	Nova Scotia	Canada	43.6808	-65.3444	64	60
Argyle Sound	Nova Scotia	Canada	43.683333	-65.816667	99	61
Comeau's Hill	Nova Scotia	Canada	43.694622	-66.019875	91	62
East Side Of Ragged Island	Nova Scotia	Canada	43.6987376	-65.0707157	20	63
Lockeport	Nova Scotia	Canada	43.6997753	-65.1137196	476	64
Sandy Point	Nova Scotia	Canada	43.7	-65.316667	369	65
Jordan Bay	Nova Scotia	Canada	43.7025	-65.2378	133	66
Pubnico	Nova Scotia	Canada	43.70306343	-65.78253993	218	67
Churchover	Nova Scotia	Canada	43.7119	-65.3564	79	68
Pinkneys Point	Nova Scotia	Canada	43.7170682	-66.0644056	208	69
Little River Harbour	Nova Scotia	Canada	43.717216	-66.025088	128	70
Lower Wedgeport	Nova Scotia	Canada	43.71786423	-65.97730894	491	71
West Green Harbour	Nova Scotia	Canada	43.7181	-65.1708	228	72
Lydgate	Nova Scotia	Canada	43.718406	-65.1347914	44	73
Osborne Harbour	Nova Scotia	Canada	43.7187214	-65.1101704	42	74
Little Harbour	Nova Scotia	Canada	43.71937064	-65.03352948	55	75
Arnold	Nova Scotia	Canada	43.72	-65.04	10	76
Pleasant Point	Nova Scotia	Canada	43.72108538	-65.10051732	20	77
East Green Harbour	Nova Scotia	Canada	43.7289	-65.1311	284	78
Upper East Green Harbour	Nova Scotia	Canada	43.7308293	-65.1323782	41	79
Lower Argyle	Nova Scotia	Canada	43.733333	-65.833333	251	80
Rockland	Nova Scotia	Canada	43.7336	-65.0764	25	81
Wedgeport	Nova Scotia	Canada	43.735176	-65.980349	1071	82
Jordan Ferry	Nova Scotia	Canada	43.740432	-65.238346	64	83
Birchtown	Nova Scotia	Canada	43.7444	-65.3825	176	84
Louis Head	Nova Scotia	Canada	43.75	-65.0169	15	85
Allendale	Nova Scotia	Canada	43.7508	-65.0925	90	86
Upper Wedgeport	Nova Scotia	Canada	43.75564796	-65.98837389	301	87
Central Argyle	Nova Scotia	Canada	43.7564629	-65.83815	119	88
Cheboque Point	Nova Scotia	Canada	43.761398	-66.115889	81	89
Shelburne	Nova Scotia	Canada	43.7632855	-65.3235168	1644	90
Reids Hill	Nova Scotia	Canada	43.7658	-65.3479	66	91
Surette's Island	Nova Scotia	Canada	43.766667	-65.933333	92	92
East Jordan	Nova Scotia	Canada	43.7667	-65.2158	111	93
Morris Island	Nova Scotia	Canada	43.768473	-65.9287669	89	94
Rockville	Nova Scotia	Canada	43.775177	-66.112829	254	95
East Sable River	Nova Scotia	Canada	43.775499	-65.003404	18	96
Canada Hill	Nova Scotia	Canada	43.7762875	-65.1114382	16	97
Jordan Branch	Nova Scotia	Canada	43.78	-65.262	201	98
Kelleys Cove	Nova Scotia	Canada	43.783232	-66.121972	107	99
Melbourne	Nova Scotia	Canada	43.783333	-66.05	391	100
Roberts Island	Nova Scotia	Canada	43.7844	-65.8871	32	101
Sluice Point	Nova Scotia	Canada	43.7852	-65.9568	299	102
Central Chebogue	Nova Scotia	Canada	43.79047762	-66.08575131	246	103
Glenwood	Nova Scotia	Canada	43.793021	-65.882923	56	104
Argyle	Nova Scotia	Canada	43.79365	-65.855	8	105
West Middle Sable	Nova Scotia	Canada	43.793701	-65.018257	39	106
Sand Beach	Nova Scotia	Canada	43.799641	-66.1303949	191	107
Port L'Hebert	Nova Scotia	Canada	43.8016	-64.9333	25	108
Cape Fourchu	Nova Scotia	Canada	43.806981	-66.158587	73	109
Amiraults Hill	Nova Scotia	Canada	43.8122	-65.9808	320	110
East Side Port L'Hebert	Nova Scotia	Canada	43.8137	-64.9203	71	111
Sable River West	Nova Scotia	Canada	43.814093	-65.043624	97	112
Argyle Head	Nova Scotia	Canada	43.816667	-65.85	79	113
Jordan Falls	Nova Scotia	Canada	43.8167	-65.2333	210	114
Lower Eel Brook	Nova Scotia	Canada	43.817326	-65.907444	195	115
Arcadia	Nova Scotia	Canada	43.8249	-66.0735	716	116
Rocco Point	Nova Scotia	Canada	43.8278283	-65.9278649	38	117
Lower Welshtown	Nova Scotia	Canada	43.833333	-65.3833329	78	118
Abrams River	Nova Scotia	Canada	43.835341	-65.949016	120	119
Welshtown	Nova Scotia	Canada	43.8358	-65.3868	33	120
Ste. Anne Du Ruisseau	Nova Scotia	Canada	43.8375	-65.9342	109	121
Yarmouth	Nova Scotia	Canada	43.8378563	-66.1197201	6829	122
Lower Ohio	Nova Scotia	Canada	43.838	-65.365	172	123
Sable River	Nova Scotia	Canada	43.841	-65.0641	81	124
Overton	Nova Scotia	Canada	43.844845	-66.141836	309	125
Belleville South	Nova Scotia	Canada	43.848502	-65.91508	97	126
Pleasant Lake	Nova Scotia	Canada	43.849778	-66.011893	201	127
Milton Highlands	Nova Scotia	Canada	43.851891	-66.122203	320	128
Brooklyn Trailer Court	Nova Scotia	Canada	43.8542572	-66.082102	73	129
Tusket	Nova Scotia	Canada	43.8556	-65.9744	337	130
Prospect Trailer Court	Nova Scotia	Canada	43.858788	-66.084254	70	131
Greenville	Nova Scotia	Canada	43.861272	-66.048934	110	132
Port Joli	Nova Scotia	Canada	43.865	-64.8706	75	133
Brooklyn	Nova Scotia	Canada	43.86544932	-66.07477571	599	134
Belleville	Nova Scotia	Canada	43.867061	-65.933955	91	135
South Chegoggin	Nova Scotia	Canada	43.86810612	-66.12243653	170	136
Dayton	Nova Scotia	Canada	43.869352	-66.107362	418	137
Belleville North	Nova Scotia	Canada	43.871053	-65.948849	73	138
Bell Neck	Nova Scotia	Canada	43.872368	-65.915497	38	139
Pembroke	Nova Scotia	Canada	43.87534852	-66.15871561	272	140
North Chegoggin	Nova Scotia	Canada	43.882119	-66.123199	156	141
Tusket Falls	Nova Scotia	Canada	43.883333	-65.983333	46	142
Chegoggin	Nova Scotia	Canada	43.8844	-66.1082	95	143
Hebron	Nova Scotia	Canada	43.887476	-66.090388	666	144
Summerville	Nova Scotia	Canada	43.89015281	-66.00987566	59	145
Upper Clyde River	Nova Scotia	Canada	43.8969	-65.4576	46	146
Gavelton	Nova Scotia	Canada	43.897628	-65.947522	91	147
South West Port Mouton	Nova Scotia	Canada	43.8989	-64.8164	189	148
Deception Lake	Nova Scotia	Canada	43.9006095	-65.3764385	21	149
Springhaven	Nova Scotia	Canada	43.90746699	-65.85606243	149	150
South Quinan	Nova Scotia	Canada	43.9166669	-65.8	61	151
Raynardton	Nova Scotia	Canada	43.9166669	-65.966667	189	152
Central Port Mouton	Nova Scotia	Canada	43.91754909	-64.84537383	122	153
Quinan	Nova Scotia	Canada	43.9198	-65.8287	91	154
South Ohio	Nova Scotia	Canada	43.920316	-66.064922	702	155
Sandford	Nova Scotia	Canada	43.920864	-66.147763	255	156
Port Mouton	Nova Scotia	Canada	43.9247	-64.8501	236	157
Middle Ohio	Nova Scotia	Canada	43.926044	-65.405931	67	158
East Qulnan	Nova Scotia	Canada	43.926889	-65.807855	90	159
Sable Island	Nova Scotia	Canada	43.93318839	-60.00693852	4	160
Short Beach	Nova Scotia	Canada	43.9373999	-66.151631	54	161
South Deerfield	Nova Scotia	Canada	43.937516	-65.984802	46	162
South Canaan	Nova Scotia	Canada	43.93946671	-65.8771205	35	163
Hunts Point	Nova Scotia	Canada	43.952094	-64.785489	231	164
Deerfield	Nova Scotia	Canada	43.953412	-65.9945709	245	165
Summerville Centre	Nova Scotia	Canada	43.9544	-64.8142	102	166
Darlings Lake	Nova Scotia	Canada	43.955668	-66.131528	106	167
Brenton	Nova Scotia	Canada	43.961913	-66.059072	188	168
White Point	Nova Scotia	Canada	43.964965	-64.750274	156	169
Cedar Lake	Nova Scotia	Canada	43.9702031	-66.12761136	41	170
Canaan	Nova Scotia	Canada	43.97202427	-65.86723059	28	171
Upper Ohio	Nova Scotia	Canada	43.981957	-65.436356	32	172
Port Maitland	Nova Scotia	Canada	43.981957	-66.147169	468	173
Pleasant Valley	Nova Scotia	Canada	43.98368118	-65.96263303	181	174
Richmond Road	Nova Scotia	Canada	43.98910972	-66.11242229	117	175
Brazil Lake	Nova Scotia	Canada	43.9912319	-66.00193	193	176
Western Head	Nova Scotia	Canada	44	-64.6667	192	177
Ireton	Nova Scotia	Canada	44.0014013	-66.0075676	22	178
Carleton	Nova Scotia	Canada	44.00711	-65.927795	326	179
Woodstock	Nova Scotia	Canada	44.0130833	-66.0952988	32	180
Beaver River	Nova Scotia	Canada	44.0148	-66.1495	227	181
Gull Island	Nova Scotia	Canada	44.016547	-64.682138	60	182
Lake George	Nova Scotia	Canada	44.01675892	-66.06269183	100	183
Mersey Point	Nova Scotia	Canada	44.024076	-64.676467	324	184
Liverpool	Nova Scotia	Canada	44.0329508	-64.71706007	2546	185
Gardners Mills	Nova Scotia	Canada	44.033333	-65.966667	63	186
Cedar Lake	Nova Scotia	Canada	44.03382469	-66.09885033	14	187
Mount Pleasant	Nova Scotia	Canada	44.03401076	-64.69854093	67	188
Kemptville	Nova Scotia	Canada	44.0478	-65.8333	62	189
Springdale	Nova Scotia	Canada	44.04915	-66.121836	28	190
Sandy Cove	Nova Scotia	Canada	44.0522	-64.706	101	191
Lake Annis	Nova Scotia	Canada	44.056334	-66.005398	14	192
Brooklyn	Nova Scotia	Canada	44.05692263	-64.6865418	849	193
Lake Doucette	Nova Scotia	Canada	44.0601779	-66.1372971	94	194
Milton	Nova Scotia	Canada	44.0607144	-64.7506897	999	195
Beach Meadows	Nova Scotia	Canada	44.0643	-64.6382	232	196
Norwood	Nova Scotia	Canada	44.0667029	-66.019758	17	197
West Berlin	Nova Scotia	Canada	44.0672	-64.5831	87	198
Eagle Head	Nova Scotia	Canada	44.0717	-64.6053	100	199
East Berlin	Nova Scotia	Canada	44.07343	-64.561339	27	200
Mayflower	Nova Scotia	Canada	44.074563	-66.115096	104	201
North Kemptville	Nova Scotia	Canada	44.078758	-65.834615	114	202
Forest Glen	Nova Scotia	Canada	44.083112	-65.910624	135	203
East Kemptville	Nova Scotia	Canada	44.083333	-65.766667	134	204
Cape St. Mary	Nova Scotia	Canada	44.0859611	-66.2110323	78	205
Hectanooga	Nova Scotia	Canada	44.092716	-66.0281569	77	206
Mavillette	Nova Scotia	Canada	44.100811	-66.18522	229	207
Richfield	Nova Scotia	Canada	44.115725	-65.922785	25	208
Port Medway	Nova Scotia	Canada	44.1258	-64.5739	232	209
Medway	Nova Scotia	Canada	44.1315	-64.6278	87	210
St. Alphonse	Nova Scotia	Canada	44.132705	-66.177066	181	211
Bear Cove	Nova Scotia	Canada	44.13733673	-66.18298883	37	212
Mill Village	Nova Scotia	Canada	44.1447	-64.6486	593	213
Cherry Hill	Nova Scotia	Canada	44.1499	-64.4987	165	214
East Port Medway	Nova Scotia	Canada	44.1569	-64.5719	105	215
Voglers Cove	Nova Scotia	Canada	44.157224	-64.533346	192	216
Charleston	Nova Scotia	Canada	44.1625	-64.6745	167	217
Maxwellton	Nova Scotia	Canada	44.163687	-66.053547	14	218
St. Martin	Nova Scotia	Canada	44.163946	-66.145597	188	219
Riversdale	Nova Scotia	Canada	44.18307279	-64.675079	35	220
Broad Cove	Nova Scotia	Canada	44.18564562	-64.48084131	185	221
Meteghan	Nova Scotia	Canada	44.1884	-66.1616	783	222
Clare Lake	Nova Scotia	Canada	44.194914	-66.1060847	29	223
Meteghan Centre	Nova Scotia	Canada	44.196593	-66.1478489	238	224
Danesville	Nova Scotia	Canada	44.2	-64.616667	141	225
Meteghan Station	Nova Scotia	Canada	44.204421	-66.092378	223	226
Middlefield	Nova Scotia	Canada	44.2092	-64.8657	66	227
St. Benoni	Nova Scotia	Canada	44.210986	-66.123347	128	228
Green Bay	Nova Scotia	Canada	44.214425	-64.436777	23	229
Meteghan River	Nova Scotia	Canada	44.214982	-66.143744	440	230
Bangor	Nova Scotia	Canada	44.216667	-66.1	141	231
Middlewood	Nova Scotia	Canada	44.2233	-64.5724	428	232
La Have Islands	Nova Scotia	Canada	44.2246359	-64.358675	30	233
Lower Saulnierville	Nova Scotia	Canada	44.233098	-66.134115	154	234
Petite Rivière	Nova Scotia	Canada	44.233279	-64.447328	298	235
Corberrie	Nova Scotia	Canada	44.235074	-65.9288289	76	236
Mosers Island	Nova Scotia	Canada	44.237923	-64.329752	29	237
Bush island	Nova Scotia	Canada	44.237979	-64.370741	52	238
Pleasantfield	Nova Scotia	Canada	44.2413	-64.9052	34	239
Crescent Beach	Nova Scotia	Canada	44.2477	-64.4025	76	240
Bangs Falls	Nova Scotia	Canada	44.2478	-64.8327	37	241
Crousetown	Nova Scotia	Canada	44.2486	-64.4775	218	242
Lower Concession	Nova Scotia	Canada	44.25	-66.083333	49	243
Saulnierville Station	Nova Scotia	Canada	44.25049083	-66.09660974	307	244
West Dublin	Nova Scotia	Canada	44.2541	-64.3991	162	245
Westport	Nova Scotia	Canada	44.2617409	-66.3547365	193	246
Camperdown	Nova Scotia	Canada	44.2637799	-64.602113	338	247
St. Joseph	Nova Scotia	Canada	44.2646375	-66.0071879	66	248
Saulnierville	Nova Scotia	Canada	44.2660967	-66.12382984	425	249
Italy Cross	Nova Scotia	Canada	44.2668	-64.5497	235	250
Dublin Shore	Nova Scotia	Canada	44.2676	-64.3678	171	251
Greenfield	Nova Scotia	Canada	44.27097169	-64.84113094	165	252
Kingsburg	Nova Scotia	Canada	44.2766	-64.2659	99	253
New Tusket	Nova Scotia	Canada	44.2784509	-65.903767	97	254
Pentz	Nova Scotia	Canada	44.279319	-64.392646	123	255
Freeport	Nova Scotia	Canada	44.2796183	-66.3177176	217	256
Concession	Nova Scotia	Canada	44.281	-66.073	357	257
Lower Lahave	Nova Scotia	Canada	44.2831	-64.3374	105	258
New Cumberland	Nova Scotia	Canada	44.283333	-64.45	200	259
Comeauville	Nova Scotia	Canada	44.283333	-66.1333329	239	260
Five Houses	Nova Scotia	Canada	44.28375254	-64.32936534	32	261
Mount Pleasant	Nova Scotia	Canada	44.28381741	-64.43239013	172	262
Kraut Point	Nova Scotia	Canada	44.2867679	-64.3399394	20	263
Fort Point	Nova Scotia	Canada	44.28934915	-64.35226957	13	264
Little Brook Station	Nova Scotia	Canada	44.290169	-66.094677	126	265
Lahave	Nova Scotia	Canada	44.2922	-64.3569	194	266
Lapland	Nova Scotia	Canada	44.293981	-64.679446	95	267
Riverport	Nova Scotia	Canada	44.2944	-64.3275	299	268
Indian Path	Nova Scotia	Canada	44.2972794	-64.3201573	53	269
Rose Bay	Nova Scotia	Canada	44.2982	-64.3055	273	270
Havelock	Nova Scotia	Canada	44.3	-65.916667	60	271
Little Brook	Nova Scotia	Canada	44.3006483	-66.1182117	174	272
Hebbs Cross	Nova Scotia	Canada	44.303144	-64.566175	408	273
Conquerall Mills	Nova Scotia	Canada	44.308092	-64.525872	545	274
Buckfield	Nova Scotia	Canada	44.308904	-64.78993	63	275
Labelle	Nova Scotia	Canada	44.3119	-64.8341	71	276
West Lahave	Nova Scotia	Canada	44.3125	-64.4149	265	277
Hilltown	Nova Scotia	Canada	44.3148	-65.9031	122	278
Bayport	Nova Scotia	Canada	44.315	-64.3023	183	279
Lake Centre	Nova Scotia	Canada	44.316	-64.4824	137	280
East Lahave	Nova Scotia	Canada	44.3164	-64.3658	177	281
Easton	Nova Scotia	Canada	44.316667	-65.866667	36	282
New France	Nova Scotia	Canada	44.317	-65.7662	51	283
Middle Lahave	Nova Scotia	Canada	44.3212	-64.4082	221	284
Waterloo	Nova Scotia	Canada	44.3253	-64.6894	163	285
Feltzen South	Nova Scotia	Canada	44.3294	-64.2817	137	286
Molega	Nova Scotia	Canada	44.3327	-64.899	15	287
Hibernia	Nova Scotia	Canada	44.3328	-64.9831	81	288
Laconia	Nova Scotia	Canada	44.3361	-64.6408	87	289
Catidian Place	Nova Scotia	Canada	44.337705	-64.533088	151	290
Church Point	Nova Scotia	Canada	44.338503	-66.114493	387	291
Hassett	Nova Scotia	Canada	44.339402	-65.938463	115	292
Pleasantville	Nova Scotia	Canada	44.34112075	-64.44476592	474	293
Crouses Settlement	Nova Scotia	Canada	44.342589	-64.424696	78	294
Grimms Settlement	Nova Scotia	Canada	44.343367	-64.382767	41	295
Woodworth Road	Nova Scotia	Canada	44.343768	-64.634713	88	296
Central Grove	Nova Scotia	Canada	44.3448	-66.2579	75	297
Riverdale	Nova Scotia	Canada	44.3477	-65.8696	54	298
Southville	Nova Scotia	Canada	44.35	-65.9	92	299
Corkums island	Nova Scotia	Canada	44.350536	-64.32404	64	300
Hebbville	Nova Scotia	Canada	44.351018	-64.539282	796	301
Tanners Settlement	Nova Scotia	Canada	44.3552	-64.3665	46	302
Grosses Coques	Nova Scotia	Canada	44.356179	-66.099709	288	303
Blue Rocks	Nova Scotia	Canada	44.3565	-64.2513	548	304
Masons Beach	Nova Scotia	Canada	44.363	-64.3373	114	305
Stonehurst	Nova Scotia	Canada	44.363392	-64.214646	171	306
Chelsea	Nova Scotia	Canada	44.3642	-64.7544	366	307
Dayspring	Nova Scotia	Canada	44.3646	-64.481	842	308
Conquerall Bank	Nova Scotia	Canada	44.3651	-64.4667	525	309
West Caledonia	Nova Scotia	Canada	44.3664	-65.1143	138	310
First South	Nova Scotia	Canada	44.3665	-64.3476	285	311
Upper Lahave	Nova Scotia	Canada	44.3678	-64.452	179	312
Back Centre	Nova Scotia	Canada	44.3685	-64.3589	127	313
Wileville	Nova Scotia	Canada	44.3717	-64.544	961	314
Caledonia	Nova Scotia	Canada	44.37539308	-65.03001206	254	315
Lunenburg	Nova Scotia	Canada	44.3769777	-64.3110901	2396	316
Rhodes Corner	Nova Scotia	Canada	44.3784	-64.4188	382	317
Newcombville	Nova Scotia	Canada	44.379	-64.6214	299	318
Danvers	Nova Scotia	Canada	44.3791	-65.9001	64	319
Bridgewater	Nova Scotia	Canada	44.3795966	-64.5213299	8790	320
Centre	Nova Scotia	Canada	44.38005278	-64.35520272	185	321
South Brookfield	Nova Scotia	Canada	44.381	-64.9666	163	322
Front Centre	Nova Scotia	Canada	44.3822	-64.3492	71	323
Heckmans Island	Nova Scotia	Canada	44.3824	-64.2471	68	324
First Peninsula	Nova Scotia	Canada	44.3831	-64.3153	159	325
Tiverton	Nova Scotia	Canada	44.3839	-66.2175	205	326
Weaver Settlement	Nova Scotia	Canada	44.384594	-65.968117	156	327
Belliveaus Cove	Nova Scotia	Canada	44.386563	-66.061361	308	328
Ohio	Nova Scotia	Canada	44.391209	-66.007748	156	329
East Ferry	Nova Scotia	Canada	44.3958	-66.2034	77	330
Oak Hill	Nova Scotia	Canada	44.3968	-64.498	526	331
Bakers Settlement	Nova Scotia	Canada	44.398	-64.6806	271	332
North Brookfield	Nova Scotia	Canada	44.39835588	-64.95206409	189	333
Lilydale	Nova Scotia	Canada	44.399431	-64.351614	82	334
Whynotts Settlement	Nova Scotia	Canada	44.4	-64.466667	52	335
St. Bernard	Nova Scotia	Canada	44.402064	-66.040065	243	336
Weymouth Falls	Nova Scotia	Canada	44.4036	-65.9441	144	337
Harmony Mills	Nova Scotia	Canada	44.40391492	-65.07704117	150	338
New Elm	Nova Scotia	Canada	44.4048	-64.8332	87	339
Weymouth	Nova Scotia	Canada	44.4049	-65.9986	298	340
Schnares Crossing	Nova Scotia	Canada	44.40519	-64.344261	27	341
Auburndale	Nova Scotia	Canada	44.4052	-64.5927	309	342
Second Peninsula	Nova Scotia	Canada	44.4053	-64.2919	121	343
Princes Inlet	Nova Scotia	Canada	44.4058536	-64.3320312	34	344
Turner Heights	Nova Scotia	Canada	44.40608791	-64.56717243	158	345
Martins Brook	Nova Scotia	Canada	44.4066	-64.3437	138	346
Northwest	Nova Scotia	Canada	44.4107	-64.3637	108	347
New Grafton	Nova Scotia	Canada	44.4112	-65.1791	46	348
Westfield	Nova Scotia	Canada	44.4137	-65.0171	191	349
Tiddville	Nova Scotia	Canada	44.41618494	-66.17378717	65	350
Cookville	Nova Scotia	Canada	44.4166669	-64.55	169	351
Weymouth Mills	Nova Scotia	Canada	44.4166669	-65.95	173	352
Midville Branch	Nova Scotia	Canada	44.4166669	-64.6333329	233	353
West Clifford	Nova Scotia	Canada	44.41718699	-64.73191684	104	354
Pine Grove	Nova Scotia	Canada	44.4173096	-64.51589457	216	355
Hermans Island	Nova Scotia	Canada	44.4182	-64.3182	15	356
Sunnybrook	Nova Scotia	Canada	44.4205	-64.3506	34	357
Lower Branch	Nova Scotia	Canada	44.423	-64.5804	280	358
Forest Drive Subdivision	Nova Scotia	Canada	44.423363	-64.581986	20	359
East Clifford	Nova Scotia	Canada	44.428	-64.7302	33	360
Kempt	Nova Scotia	Canada	44.428758	-65.120501	79	361
Maitland	Nova Scotia	Canada	44.42920914	-64.45981782	267	362
Big Lots	Nova Scotia	Canada	44.430897	-64.433515	15	363
Whale Cove	Nova Scotia	Canada	44.4315593	-66.1678083	23	364
Fauxburg	Nova Scotia	Canada	44.43264117	-64.38880776	185	365
Sissiboo Falls	Nova Scotia	Canada	44.4331	-65.8664	15	366
New Edinburgh	Nova Scotia	Canada	44.434721	-66.01399	165	367
Maders Cove	Nova Scotia	Canada	44.4348	-64.354	210	368
Maitland Forks	Nova Scotia	Canada	44.437571	-64.497096	204	369
Pleasant River	Nova Scotia	Canada	44.4377	-64.8835	115	370
Weymouth North	Nova Scotia	Canada	44.43969016	-65.99179136	215	371
Maitland Bridge	Nova Scotia	Canada	44.4399	-65.1984	147	372
West Northfield	Nova Scotia	Canada	44.441302	-64.578571	202	373
Sambro Creek	Nova Scotia	Canada	44.4422	-63.6337	44	374
Little River	Nova Scotia	Canada	44.444564	-66.144962	32	375
Little River	Nova Scotia	Canada	44.44487233	-66.14331674	149	376
Little River	Nova Scotia	Canada	44.4465	-66.1442	211	377
Blockhouse	Nova Scotia	Canada	44.4475	-64.4128	695	378
Branch Lahave	Nova Scotia	Canada	44.448803	-64.631596	317	379
Mahone Bay	Nova Scotia	Canada	44.4492264	-64.3822793	1064	380
Doucetteville	Nova Scotia	Canada	44.4495	-65.8242	117	381
Northfield	Nova Scotia	Canada	44.45051973	-65.13151661	29	382
Oakland	Nova Scotia	Canada	44.4506	-64.3649	277	383
Colpton	Nova Scotia	Canada	44.4533	-64.8415	88	384
Lower Prospect	Nova Scotia	Canada	44.454	-63.7269	324	385
Upper Branch	Nova Scotia	Canada	44.4563	-64.6841	163	386
Indian Point	Nova Scotia	Canada	44.4566	-64.3201	210	387
Tancook Island	Nova Scotia	Canada	44.4592383	-64.1618846	217	388
Mink Cove	Nova Scotia	Canada	44.465	-66.1092	44	389
Farmville	Nova Scotia	Canada	44.466	-64.4685	8	390
East Pennant	Nova Scotia	Canada	44.4661	-63.6306	110	391
Feeners Corner	Nova Scotia	Canada	44.466667	-64.583333	126	392
Terence Bay	Nova Scotia	Canada	44.4667	-63.7164	1025	393
Sweetland	Nova Scotia	Canada	44.468	-64.5234	121	394
Ashmore	Nova Scotia	Canada	44.4681629	-65.965074	235	395
Bald Rock	Nova Scotia	Canada	44.4699544	-63.5791895	29	396
Terrence Bay	Nova Scotia	Canada	44.4700781	-63.7215471	678	397
The Narrows	Nova Scotia	Canada	44.470467	-64.330622	48	398
New Harbour	Nova Scotia	Canada	44.47053835	-64.081777	61	399
West Pennant	Nova Scotia	Canada	44.4711	-63.6533	220	400
Little Tancook	Nova Scotia	Canada	44.4721291	-64.1378724	32	401
Lower Blandford	Nova Scotia	Canada	44.47445545	-64.09118595	86	402
Hemford Forest	Nova Scotia	Canada	44.4753421	-64.746925	36	403
Lower Northfield	Nova Scotia	Canada	44.4767	-64.5718	121	404
Nineveh	Nova Scotia	Canada	44.4776	-64.8042	138	405
Silver Point Road	Nova Scotia	Canada	44.4779229	-64.320594	113	406
New Canada	Nova Scotia	Canada	44.478429	-64.680166	132	407
Sambro	Nova Scotia	Canada	44.4794	-63.6089	536	408
Plympton Station	Nova Scotia	Canada	44.4799	-65.8898	221	409
Martins Point	Nova Scotia	Canada	44.481	-64.3209	94	410
Clearland	Nova Scotia	Canada	44.4814	-64.4096	287	411
Gilberts Cove	Nova Scotia	Canada	44.4825	-65.9486	99	412
Prospect	Nova Scotia	Canada	44.4825793	-63.795604	136	413
South Range	Nova Scotia	Canada	44.483	-65.8009	123	414
Lower New Cornwall	Nova Scotia	Canada	44.483333	-64.466667	92	415
Wentzells Lake	Nova Scotia	Canada	44.4835302	-64.6275642	160	416
Sambro Head	Nova Scotia	Canada	44.4847852	-63.5829577	257	417
Martins River	Nova Scotia	Canada	44.4856	-64.3349	707	418
Murphy Cove	Nova Scotia	Canada	44.4886	-63.7881	132	419
Ketch Harbour	Nova Scotia	Canada	44.4919	-63.5528	333	420
Peggys Cove	Nova Scotia	Canada	44.4928	-63.9175	159	421
Blandford	Nova Scotia	Canada	44.4931	-64.11	54	422
West Dover	Nova Scotia	Canada	44.49575996	-63.87933735	364	423
Pinehurst	Nova Scotia	Canada	44.495881	-64.642706	220	424
East Dover	Nova Scotia	Canada	44.49673161	-63.85066696	212	425
Duncans Cove	Nova Scotia	Canada	44.4995245	-63.5417538	79	426
North Range	Nova Scotia	Canada	44.5004	-65.8486	157	427
Bay Road	Nova Scotia	Canada	44.5005059	-63.7346989	99	428
Bayswater	Nova Scotia	Canada	44.500771	-64.0672079	154	429
Middle Village	Nova Scotia	Canada	44.501723	-63.884151	73	430
Middle New Cornwall	Nova Scotia	Canada	44.5026	-64.5227	262	431
Plympton	Nova Scotia	Canada	44.50395019	-65.91683603	163	432
Upper Northfield	Nova Scotia	Canada	44.5058	-64.6127	325	433
McGraths Cove	Nova Scotia	Canada	44.5078943	-63.8514641	179	434
Hemford	Nova Scotia	Canada	44.508094	-64.788959	243	435
Prospect Bay	Nova Scotia	Canada	44.5100167	-63.794594	1009	436
Blind Bay	Nova Scotia	Canada	44.5118	-63.8192	33	437
North Range-North Range Corner	Nova Scotia	Canada	44.513767	-65.847082	38	438
Upper Blandford	Nova Scotia	Canada	44.5149	-64.1233	181	439
Stanley Section	Nova Scotia	Canada	44.5163	-64.738	59	440
Aspotogan	Nova Scotia	Canada	44.5176	-64.0495	20	441
Coleman Cove	Nova Scotia	Canada	44.51963	-64.0237899	24	442
Williamswood	Nova Scotia	Canada	44.5213	-63.6414	1171	443
Portuguese Cove	Nova Scotia	Canada	44.5219	-63.5353	509	444
Upper New Cornwall	Nova Scotia	Canada	44.522	-64.5701	102	445
Alderwood Acres	Nova Scotia	Canada	44.5223639	-63.7843252	347	446
Southwest Cove	Nova Scotia	Canada	44.525	-64.012	44	447
Shad Bay	Nova Scotia	Canada	44.5253	-63.77	423	448
Whispering Pines	Nova Scotia	Canada	44.52530963	-65.73768941	124	449
Deep Cove	Nova Scotia	Canada	44.5264	-64.1039	36	450
Lake Midway	Nova Scotia	Canada	44.5286	-66.0403	26	451
Whites Lake	Nova Scotia	Canada	44.5287487	-63.7593215	1296	452
Bloomfield	Nova Scotia	Canada	44.5292869	-65.824644	41	453
Indian Harbour	Nova Scotia	Canada	44.530309	-63.940069	321	454
Western Shore	Nova Scotia	Canada	44.5314	-64.3144	888	455
Northwest Cove	Nova Scotia	Canada	44.532544	-64.022189	68	456
Bayside	Nova Scotia	Canada	44.5333	-63.8003	364	457
Simpsons Corner	Nova Scotia	Canada	44.5352	-64.7843	237	458
Bear Cove	Nova Scotia	Canada	44.5353972	-63.5434993	46	459
Moody Park	Nova Scotia	Canada	44.536358	-63.644576	393	460
Barton	Nova Scotia	Canada	44.537	-65.874	100	461
Chester	Nova Scotia	Canada	44.5403	-64.2397	1241	462
Watford	Nova Scotia	Canada	44.540576	-64.678617	153	463
Haddon Hill	Nova Scotia	Canada	44.543619	-64.250476	66	464
Gold River	Nova Scotia	Canada	44.545	-64.3186	246	465
New Germany	Nova Scotia	Canada	44.5455456	-64.7287632	447	466
Shaw Island	Nova Scotia	Canada	44.5456689	-64.282344	17	467
Centreville	Nova Scotia	Canada	44.54593035	-66.01002943	162	468
Brookside	Nova Scotia	Canada	44.5494	-63.7165	364	469
Commons	Nova Scotia	Canada	44.549707	-64.247813	290	470
Union Square	Nova Scotia	Canada	44.5526	-64.6384	87	471
Haddon Hill Subdivision	Nova Scotia	Canada	44.55274569	-64.25117061	35	472
Borgels Point	Nova Scotia	Canada	44.554361	-64.307389	123	473
Marriotts Cove	Nova Scotia	Canada	44.5556	-64.2703	275	474
Brighton	Nova Scotia	Canada	44.5562	-65.8538	212	475
The Lodge	Nova Scotia	Canada	44.556298	-64.032116	61	476
Marvins Island	Nova Scotia	Canada	44.557174	-64.305399	19	477
Hillgrove	Nova Scotia	Canada	44.5601	-65.7745	151	478
Chester Downs	Nova Scotia	Canada	44.5603028	-64.2291507	77	479
Robinsons Corner	Nova Scotia	Canada	44.560636	-64.257665	48	480
East Chester	Nova Scotia	Canada	44.566209	-64.217751	328	481
Barss Corner	Nova Scotia	Canada	44.566343	-64.680945	281	482
Chester Basin	Nova Scotia	Canada	44.5664	-64.3048	691	483
Wake Up Hill	Nova Scotia	Canada	44.567731	-64.2687319	58	484
Hacketts Cove	Nova Scotia	Canada	44.5686	-63.9225	546	485
Waterford	Nova Scotia	Canada	44.56862839	-65.96734048	56	486
Harrietsfield	Nova Scotia	Canada	44.5694	-63.6344	589	487
Herring Cove	Nova Scotia	Canada	44.5711	-63.5583	2544	488
Birch Lee Trailer Court	Nova Scotia	Canada	44.571682	-63.635249	620	489
Lower Grant Road	Nova Scotia	Canada	44.57219	-64.291944	120	490
Bear River	Nova Scotia	Canada	44.5722	-65.6439	616	491
Hatchet Lake	Nova Scotia	Canada	44.5722484	-63.7139344	898	492
South Milford	Nova Scotia	Canada	44.576185	-65.405191	39	493
Greenland	Nova Scotia	Canada	44.57759	-65.583551	112	494
Buccaneer Road	Nova Scotia	Canada	44.5788402	-64.2048207	34	495
Glen Margaret	Nova Scotia	Canada	44.5788751	-63.9127766	262	496
Rossway	Nova Scotia	Canada	44.579	-65.9152	107	497
Birchy Head	Nova Scotia	Canada	44.5798517	-64.0558127	43	498
Elmwood	Nova Scotia	Canada	44.579916	-64.6289989	45	499
Squid Cove	Nova Scotia	Canada	44.580753	-64.203632	18	500
Marshalltown	Nova Scotia	Canada	44.5815	-65.8019	297	501
Acaciaville	Nova Scotia	Canada	44.582395	-65.762407	38	502
West Springhill	Nova Scotia	Canada	44.5844049	-65.4500599	49	503
Jordantown	Nova Scotia	Canada	44.5851	-65.7848	63	504
East River	Nova Scotia	Canada	44.586407	-64.166372	224	505
Mill Cove	Nova Scotia	Canada	44.586575	-64.063314	355	506
Yellow Marsh	Nova Scotia	Canada	44.5867048	-64.1195008	23	507
Milford	Nova Scotia	Canada	44.59315603	-65.408045	23	508
Hartlen Point	Nova Scotia	Canada	44.5954108	-63.4492991	33	509
Newburne	Nova Scotia	Canada	44.5957	-64.5979	73	510
Conway	Nova Scotia	Canada	44.5963	-65.7679	287	511
Fergusons Cove	Nova Scotia	Canada	44.5969276	-63.5570109	237	512
Goodwood	Nova Scotia	Canada	44.5969921	-63.6862265	171	513
Melseners Section	Nova Scotia	Canada	44.5971	-64.7668	71	514
Stanburne	Nova Scotia	Canada	44.5976	-64.7135	51	515
South East Passage	Nova Scotia	Canada	44.59761713	-63.44919922	303	516
Walden	Nova Scotia	Canada	44.5994	-64.5337	133	517
Roxville	Nova Scotia	Canada	44.6	-65.866667	23	518
Joggin Bridge	Nova Scotia	Canada	44.6	-65.733333	42	519
Bear River East	Nova Scotia	Canada	44.6	-65.6	138	520
Scarsdale	Nova Scotia	Canada	44.6	-64.6333329	140	521
Beech Hill	Nova Scotia	Canada	44.60179349	-64.38988077	136	522
Gullivers Cove	Nova Scotia	Canada	44.6047	-65.9236	71	523
Marshall's Trailer Park	Nova Scotia	Canada	44.60871778	-65.613986	8	524
Windsor Road	Nova Scotia	Canada	44.611018	-64.272729	415	525
Chester Grant	Nova Scotia	Canada	44.6111	-64.3258	213	526
Eastern Passage	Nova Scotia	Canada	44.61257422	-63.47394659	8430	527
Smiths Cove-Smiths Cove Station	Nova Scotia	Canada	44.612577	-65.702671	350	528
Seabright	Nova Scotia	Canada	44.6144	-63.925	690	529
Birchill Estates Trailer Park	Nova Scotia	Canada	44.61478595	-63.4727953	513	530
Bear River Station	Nova Scotia	Canada	44.61659	-65.691519	56	531
Seabrook	Nova Scotia	Canada	44.61703194	-65.79850019	209	532
Waldeck West	Nova Scotia	Canada	44.61718377	-65.63172483	22	533
Clementsvale	Nova Scotia	Canada	44.6177	-65.563	196	534
Greenridge Trailer Park	Nova Scotia	Canada	44.620631	-63.480261	282	535
Fox Point	Nova Scotia	Canada	44.6218	-64.0585	438	536
Digby	Nova Scotia	Canada	44.6222077	-65.7565781	2001	537
Cherryfield	Nova Scotia	Canada	44.62297032	-64.8098088	42	538
Maplewood	Nova Scotia	Canada	44.6272	-64.6224	104	539
Cow Bay	Nova Scotia	Canada	44.6306089	-63.434396	1224	540
French Village	Nova Scotia	Canada	44.6319	-63.914	177	541
Springfield	Nova Scotia	Canada	44.633333	-64.866667	212	542
Waldeck	Nova Scotia	Canada	44.63341752	-65.63411993	178	543
Virginia East	Nova Scotia	Canada	44.6338774	-65.51400723	13	544
Alderwood Trailer Court	Nova Scotia	Canada	44.63480916	-63.70128637	614	545
Shearwater	Nova Scotia	Canada	44.63593525	-63.51136086	1342	546
Deep Brook	Nova Scotia	Canada	44.6361	-65.6556	336	547
Queensland	Nova Scotia	Canada	44.6362	-64.0251	649	548
Lakeside	Nova Scotia	Canada	44.637	-63.701	681	549
Lighthouse Road	Nova Scotia	Canada	44.6375	-65.7683	151	550
Beechville	Nova Scotia	Canada	44.6386	-63.6862	716	551
Johnsons Trailer Court	Nova Scotia	Canada	44.638989	-63.709725	238	552
Waldeck East	Nova Scotia	Canada	44.639833	-65.612401	25	553
Terminal Beach	Nova Scotia	Canada	44.640204	-63.3195843	30	554
Lake Pleasant	Nova Scotia	Canada	44.641288	-64.863203	94	555
Hubbards	Nova Scotia	Canada	44.6426442	-64.0542576	387	556
Hubbards Point	Nova Scotia	Canada	44.6428	-64.0517	196	557
East Lawrencetown	Nova Scotia	Canada	44.6453	-63.351	443	558
Indian Point	Nova Scotia	Canada	44.64545777	-63.91519093	288	559
Glen Haven	Nova Scotia	Canada	44.6465	-63.909	270	560
Tanner Frederick Road	Nova Scotia	Canada	44.64756977	-63.9149379	82	561
Halifax	Nova Scotia	Canada	44.6475811	-63.5727683	348634	562
Graywood	Nova Scotia	Canada	44.6481	-65.448	61	563
Culloden	Nova Scotia	Canada	44.6485	-65.849	93	564
Lloy	Nova Scotia	Canada	44.6496811	-63.3189306	12	565
Princedale	Nova Scotia	Canada	44.65	-65.516667	64	566
Parkdale	Nova Scotia	Canada	44.65	-64.6333329	78	567
Cherryfleld Road	Nova Scotia	Canada	44.65	-64.8	90	568
Mount Pleasant	Nova Scotia	Canada	44.65027376	-65.78105853	270	569
Three Fathom Harbour	Nova Scotia	Canada	44.6503	-63.2869	218	570
Cornwallis Park	Nova Scotia	Canada	44.651533	-65.630974	488	571
Black Point	Nova Scotia	Canada	44.6516	-63.9808	486	572
Greenwood Heights	Nova Scotia	Canada	44.6527944	-63.7362613	1374	573
Willowdale Lane - Willowdale	Nova Scotia	Canada	44.6536645	-63.4853842	32	574
Timberlea	Nova Scotia	Canada	44.6557	-63.7346	5627	575
Melsner's Point Road	Nova Scotia	Canada	44.6558312	-63.9700347	101	576
Parkers Cove	Nova Scotia	Canada	44.6592	-65.5964	292	577
Boutilier's Point	Nova Scotia	Canada	44.6597432	-63.9527978	781	578
Ingramport	Nova Scotia	Canada	44.6619	-63.9683	157	579
Brigley's Road	Nova Scotia	Canada	44.662149	-63.98342	114	580
Tantallon	Nova Scotia	Canada	44.6642127	-63.8956768	451	581
Masons Point	Nova Scotia	Canada	44.665721	-63.911832	213	582
Seaforth	Nova Scotia	Canada	44.6659	-63.2582	274	583
Dartmouth	Nova Scotia	Canada	44.6660885	-63.5675632	72139	584
Lake Of The Woods Subdivision	Nova Scotia	Canada	44.6662186	-63.7986909	516	585
Three Brooks Subdivision	Nova Scotia	Canada	44.666247	-63.798611	25	586
Clementsport	Nova Scotia	Canada	44.6671	-65.6107	269	587
Seffernsville	Nova Scotia	Canada	44.6672	-64.3998	71	588
West Lawrencetown	Nova Scotia	Canada	44.6681	-63.3786	1468	589
Whynacht's Point Road	Nova Scotia	Canada	44.67050022	-63.89394072	218	590
Cole Harbour	Nova Scotia	Canada	44.67214639	-63.47763159	22684	591
Falkland Ridge	Nova Scotia	Canada	44.6723	-64.8571	92	592
St. Margaret's Bay	Nova Scotia	Canada	44.67262148	-63.9067079	840	593
Cole Harbour	Nova Scotia	Canada	44.6726512	-63.4782503	8	594
Hubbley Mill Lake Road	Nova Scotia	Canada	44.6753	-63.8219	216	595
Lawrencetown	Nova Scotia	Canada	44.6756164	-63.3975707	636	596
Sheldrake Lake	Nova Scotia	Canada	44.6758334	-63.7970857	448	597
Five Island Lake	Nova Scotia	Canada	44.6767538	-63.8177219	163	598
Hubley	Nova Scotia	Canada	44.6768124	-63.8160696	253	599
Port Wade	Nova Scotia	Canada	44.677	-65.7107	146	600
Victoria Beach	Nova Scotia	Canada	44.6774	-65.7539	121	601
Canaan	Nova Scotia	Canada	44.67784439	-64.24605825	118	602
Allen Heights	Nova Scotia	Canada	44.68112769	-63.90062652	533	603
Todds Island	Nova Scotia	Canada	44.6818111	-63.9085059	160	604
Bay View	Nova Scotia	Canada	44.68273813	-65.783072	156	605
Head Of St. Margarets Bay	Nova Scotia	Canada	44.6828	-63.9167	209	606
Lewis Lake	Nova Scotia	Canada	44.6843673	-63.8338704	238	607
Upper Lawrencetown	Nova Scotia	Canada	44.6861	-63.4272	1557	608
Maple Lake	Nova Scotia	Canada	44.6878045	-63.7852993	17	609
West Porters Lake	Nova Scotia	Canada	44.6879378	-63.3126261	786	610
Pleasant Point	Nova Scotia	Canada	44.6899421	-63.0656289	66	611
Grand Desert	Nova Scotia	Canada	44.6910178	-63.257096	439	612
Minesville	Nova Scotia	Canada	44.69384926	-63.40756362	19	613
Perotte	Nova Scotia	Canada	44.6952	-65.4062	36	614
Saltwater Lake Park Subdivision	Nova Scotia	Canada	44.695658	-63.321126	124	615
Upper Clements	Nova Scotia	Canada	44.696666	-65.583076	172	616
Old Mineville	Nova Scotia	Canada	44.696725	-63.3114068	37	617
Lower East Chezzetcook	Nova Scotia	Canada	44.6996612	-63.2123752	468	618
Upper Tantallon	Nova Scotia	Canada	44.7011	-63.8589	880	619
Mineville	Nova Scotia	Canada	44.7025281	-63.3796853	444	620
Karsdale	Nova Scotia	Canada	44.7026	-65.6497	90	621
Middle Porters Lake	Nova Scotia	Canada	44.7044636	-63.2954323	70	622
Mack Lake	Nova Scotia	Canada	44.7062657	-64.7679943	17	623
Stillwater Lake	Nova Scotia	Canada	44.7072	-63.8494	779	624
Lake Loon	Nova Scotia	Canada	44.70874721	-63.49742452	1005	625
East Dalhousie	Nova Scotia	Canada	44.7089578	-64.7612931	78	626
Cherry Brook	Nova Scotia	Canada	44.70972931	-63.47792128	399	627
Little Harbour	Nova Scotia	Canada	44.7106	-62.8403	103	628
Lake La Rose	Nova Scotia	Canada	44.7139	-65.4417	32	629
West Chezzetcook	Nova Scotia	Canada	44.713974	-63.2609868	765	630
Simms Settlement	Nova Scotia	Canada	44.7157	-64.1086	417	631
Allains Creek	Nova Scotia	Canada	44.716667	-65.533333	92	632
Port Royal	Nova Scotia	Canada	44.7167	-65.6036	71	633
West Dalhousie	Nova Scotia	Canada	44.719097	-65.225994	218	634
Albany Cross	Nova Scotia	Canada	44.7194	-65.0209	13	635
East Chezzetcook	Nova Scotia	Canada	44.7196885	-63.2343207	680	636
Sherwood	Nova Scotia	Canada	44.72	-64.3018	26	637
Goose Lake	Nova Scotia	Canada	44.720661	-63.2047705	15	638
Ostrea Lake	Nova Scotia	Canada	44.7222	-63.0884	390	639
Dalhousie Road	Nova Scotia	Canada	44.7226	-64.6917	69	640
Highland Park	Nova Scotia	Canada	44.7232591	-63.8261075	369	641
Montague Gold Mines	Nova Scotia	Canada	44.72350063	-63.52786568	109	642
Bedford	Nova Scotia	Canada	44.72375539	-63.69206732	36354	643
Hammonds Plains Road	Nova Scotia	Canada	44.726324	-63.744009	1819	644
Yankeetown	Nova Scotia	Canada	44.7272	-63.8175	1270	645
Lequille	Nova Scotia	Canada	44.727964	-65.49049	182	646
Granville Beach	Nova Scotia	Canada	44.728979	-65.57056	80	647
West Jeddore	Nova Scotia	Canada	44.7309388	-63.0375133	73	648
Bakers Point	Nova Scotia	Canada	44.73099351	-63.00029302	38	649
Forties	Nova Scotia	Canada	44.7334	-64.5527	331	650
East Jeddore	Nova Scotia	Canada	44.7338407	-63.0065211	310	651
New Ross	Nova Scotia	Canada	44.7354	-64.4509	334	652
Hammonds Plains	Nova Scotia	Canada	44.7358269	-63.7928628	372	653
Clam Bay	Nova Scotia	Canada	44.7361709	-62.9281764	91	654
Clam Harbour	Nova Scotia	Canada	44.736768	-62.8861385	103	655
Portobello	Nova Scotia	Canada	44.73767875	-63.55345608	572	656
English Corner	Nova Scotia	Canada	44.737681	-63.795677	1058	657
Porters Lake	Nova Scotia	Canada	44.7381	-63.3106	2360	658
Owl's Head Harbour	Nova Scotia	Canada	44.7387696	-62.8342923	62	659
Lake Echo	Nova Scotia	Canada	44.7401	-63.3859	2365	660
Head Of Chezzetcook	Nova Scotia	Canada	44.7414567	-63.2528893	356	661
West Petpeswick	Nova Scotia	Canada	44.7423	-63.1697	311	662
Annapolis Royal	Nova Scotia	Canada	44.7439614	-65.5196358	530	663
North Preston	Nova Scotia	Canada	44.7444	-63.4644	1435	664
Leville	Nova Scotia	Canada	44.7475	-64.4218	129	665
Timbertrail Trailer Park	Nova Scotia	Canada	44.74928143	-63.7411397	918	666
Lake Ramsay	Nova Scotia	Canada	44.7533	-64.5119	122	667
East Petpeswick	Nova Scotia	Canada	44.7542	-63.1546	463	668
Upper Hammonds Plains	Nova Scotia	Canada	44.7544725	-63.841808	411	669
Moschelle	Nova Scotia	Canada	44.75470562	-65.46263004	153	670
Debaies Cove	Nova Scotia	Canada	44.7564	-62.8095	57	671
Granville Ferry	Nova Scotia	Canada	44.757391	-65.512286	152	672
Harriston	Nova Scotia	Canada	44.757816	-64.465254	34	673
Hartlin Settlement	Nova Scotia	Canada	44.7628358	-63.0063295	53	674
Conrod Settlement	Nova Scotia	Canada	44.7641	-63.2408	287	675
Fraxville	Nova Scotia	Canada	44.7667	-64.567	91	676
Lakeview	Nova Scotia	Canada	44.76712254	-64.74810723	26	677
Lakeview	Nova Scotia	Canada	44.7676896	-63.628319	491	678
Lake Charlotte	Nova Scotia	Canada	44.7677562	-62.9500795	298	679
Beech Hill	Nova Scotia	Canada	44.7691311	-62.9231046	35	680
Delaps Cove	Nova Scotia	Canada	44.7693141	-65.6351137	45	681
Gaetz Brook	Nova Scotia	Canada	44.7694	-63.2094	566	682
New Russel	Nova Scotia	Canada	44.7697969	-64.423361	84	683
Cobequid Trailer Court	Nova Scotia	Canada	44.7719953	-63.6387187	168	684
Myers Point	Nova Scotia	Canada	44.7726	-63.0408	198	685
Round Hill	Nova Scotia	Canada	44.7735	-65.4028	200	686
Head Of Jeddore	Nova Scotia	Canada	44.7756	-63.0553	844	687
Cottage Cove	Nova Scotia	Canada	44.7769766	-63.0598948	35	688
Lower Sackville	Nova Scotia	Canada	44.77733548	-63.67658883	22200	689
Salmon River Bridge	Nova Scotia	Canada	44.7774336	-63.0306584	33	690
East Ship Harbour	Nova Scotia	Canada	44.7787	-62.7974	190	691
Oyster Ponds	Nova Scotia	Canada	44.7789	-63.0075	247	692
Litchfield	Nova Scotia	Canada	44.779067	-65.606302	45	693
Smith Settlement	Nova Scotia	Canada	44.7806	-63.1003	128	694
Upper Lakeville	Nova Scotia	Canada	44.7831	-62.9664	156	695
Maple Glen Park	Nova Scotia	Canada	44.783426	-64.394455	31	696
West Ship Harbour	Nova Scotia	Canada	44.7837481	-62.8331669	60	697
Granville Centre	Nova Scotia	Canada	44.784	-65.4498	76	698
Lower Ship Harbour	Nova Scotia	Canada	44.785	-62.8352	140	699
Waverley	Nova Scotia	Canada	44.785644	-63.597992	858	700
Musquodoboit Harbour	Nova Scotia	Canada	44.7873	-63.1487	1172	701
Mill Road	Nova Scotia	Canada	44.7887	-64.4443	173	702
Windsor Junction	Nova Scotia	Canada	44.78951311	-63.64111832	2931	703
Pleasant Harbour	Nova Scotia	Canada	44.7934	-62.7169	119	704
Middle Sackville	Nova Scotia	Canada	44.79553028	-63.72961619	10353	705
Hillsburn	Nova Scotia	Canada	44.7976	-65.5679	204	706
Tupperville	Nova Scotia	Canada	44.7989	-65.3654	85	707
Tangier	Nova Scotia	Canada	44.8	-62.7	147	708
Belleisle	Nova Scotia	Canada	44.8016	-65.3992	79	709
Upper Vaughan	Nova Scotia	Canada	44.80202	-64.239241	203	710
Wile Settlement	Nova Scotia	Canada	44.807842	-64.271461	43	711
Springfield Lake	Nova Scotia	Canada	44.808361	-63.732445	1348	712
Popes Harbour	Nova Scotia	Canada	44.8097437	-62.6418499	128	713
New Albany	Nova Scotia	Canada	44.809835	-65.060317	209	714
Aldersville	Nova Scotia	Canada	44.8142	-64.5022	111	715
Ship Harbour	Nova Scotia	Canada	44.8146	-62.8854	147	716
Carleton Corner	Nova Scotia	Canada	44.816667	-65.283333	99	717
Fall River	Nova Scotia	Canada	44.8180582	-63.6119749	2474	718
Upper Sackville	Nova Scotia	Canada	44.8184593	-63.7616112	1168	719
Centrelea	Nova Scotia	Canada	44.8208	-65.3192	99	720
Leminster	Nova Scotia	Canada	44.8218	-64.293	132	721
Upper Granville	Nova Scotia	Canada	44.82660029	-65.34295438	153	722
Lewis Lake	Nova Scotia	Canada	44.82907497	-63.78094563	116	723
Spry Harbour	Nova Scotia	Canada	44.8309188	-62.6233352	234	724
Lower Vaughan	Nova Scotia	Canada	44.833909	-64.255448	69	725
Beaverbank Villa	Nova Scotia	Canada	44.8345862	-63.6812589	1747	726
South Uniacke	Nova Scotia	Canada	44.8413	-63.7729	136	727
Bridgetown	Nova Scotia	Canada	44.8418357	-65.2883507	970	728
Spry Bay	Nova Scotia	Canada	44.8461	-62.6204	131	729
Sober Island	Nova Scotia	Canada	44.8469706	-62.4615473	189	730
Smiths Corner	Nova Scotia	Canada	44.847298	-64.223723	96	731
West Inglisville	Nova Scotia	Canada	44.85053453	-65.16496979	252	732
Mushaboom	Nova Scotia	Canada	44.8514	-62.5351	286	733
Beaconsfield	Nova Scotia	Canada	44.853673	-65.329205	153	734
West Paradise	Nova Scotia	Canada	44.8556	-65.2178	285	735
Sheet Harbour Passage	Nova Scotia	Canada	44.8569039	-62.467876	94	736
Inglewood	Nova Scotia	Canada	44.85699	-65.304558	72	737
Nictaux South	Nova Scotia	Canada	44.8573	-65.038	106	738
Wellington	Nova Scotia	Canada	44.8626072	-63.6177638	302	739
Lake Paul	Nova Scotia	Canada	44.8632	-64.6791	85	740
Youngs Cove	Nova Scotia	Canada	44.865	-65.4408	112	741
East Inglisville	Nova Scotia	Canada	44.86642667	-65.06991659	24	742
Paradise	Nova Scotia	Canada	44.86707	-65.224363	357	743
West Lawrencetown	Nova Scotia	Canada	44.86763315	-65.17672529	289	744
Clarence West	Nova Scotia	Canada	44.868083	-65.289696	82	745
Bloomington	Nova Scotia	Canada	44.879936	-65.002031	79	746
Goffs	Nova Scotia	Canada	44.88264345	-63.51917817	140	747
South Williamston	Nova Scotia	Canada	44.883333	-65.1333329	209	748
Phinneys Cove	Nova Scotia	Canada	44.8842	-65.3947	33	749
Blue Mountain	Nova Scotia	Canada	44.8844	-64.5331	65	750
Bridgetown East	Nova Scotia	Canada	44.890392	-65.201896	69	751
Devon	Nova Scotia	Canada	44.8917	-63.3844	32	752
Mount Uniacke	Nova Scotia	Canada	44.8919	-63.8264	1676	753
North Williamston	Nova Scotia	Canada	44.893282	-65.128669	138	754
Clarence	Nova Scotia	Canada	44.89474	-65.237562	140	755
Happy Mobile Home Park	Nova Scotia	Canada	44.899356	-63.778692	567	756
Torbrook West	Nova Scotia	Canada	44.9	-65.016667	76	757
Beaver Harbour	Nova Scotia	Canada	44.9003	-62.4239	87	758
Smileys Point	Nova Scotia	Canada	44.9010726	-62.3776692	22	759
Hampton	Nova Scotia	Canada	44.9038	-65.3487	110	760
Central Clarence	Nova Scotia	Canada	44.904776	-65.216685	20	761
Watt Section Sheet Harbour	Nova Scotia	Canada	44.9061	-62.4819	276	762
Mill Section	Nova Scotia	Canada	44.9067	-64.203689	61	763
East Uniacke	Nova Scotia	Canada	44.9072	-63.7811	1005	764
Smiths Point	Nova Scotia	Canada	44.9127893	-62.3353374	30	765
West Sheet Harbour	Nova Scotia	Canada	44.913448	-62.53964	142	766
St. Croix Cove	Nova Scotia	Canada	44.91354712	-65.31277475	52	767
Lower Meaghers Grant	Nova Scotia	Canada	44.913651	-63.21964	103	768
Torbrook	Nova Scotia	Canada	44.9141	-64.9775	141	769
Oldham	Nova Scotia	Canada	44.9161171	-63.4976143	184	770
Murphy Lake	Nova Scotia	Canada	44.9166669	-64.533333	29	771
Nictaux West	Nova Scotia	Canada	44.9166669	-65.066667	45	772
Mount Rose	Nova Scotia	Canada	44.9166669	-65.25	64	773
Clarence East	Nova Scotia	Canada	44.9166669	-65.183333	128	774
Port Dufferin West	Nova Scotia	Canada	44.9167	-62.3833	149	775
Sheet Harbour	Nova Scotia	Canada	44.917696	-62.528176	1095	776
West Quoddy	Nova Scotia	Canada	44.9179994	-62.3532045	63	777
East Quoddy	Nova Scotia	Canada	44.9182	-62.3331	22	778
East River	Nova Scotia	Canada	44.91884284	-62.51307263	111	779
Gaspereaux Lake	Nova Scotia	Canada	44.920198	-62.5833208	114	780
Brickton	Nova Scotia	Canada	44.9202	-65.1314	356	781
Nictaux Falls	Nova Scotia	Canada	44.921677	-65.045306	242	782
Endale Trailer Court	Nova Scotia	Canada	44.922239	-63.481931	33	783
Lakelands	Nova Scotia	Canada	44.92297293	-63.888977	354	784
Hartling	Nova Scotia	Canada	44.923373	-62.385056	30	785
Lake George	Nova Scotia	Canada	44.9238522	-64.6963406	46	786
Enfield	Nova Scotia	Canada	44.9246382	-63.5380428	36	787
Harrigan Cove	Nova Scotia	Canada	44.9270994	-62.2985931	67	788
Macdonald Cove	Nova Scotia	Canada	44.9293051	-62.2807833	24	789
Pigott Lake	Nova Scotia	Canada	44.9307765	-63.8765147	51	790
Meaghers Grant	Nova Scotia	Canada	44.9321	-63.2386	275	791
Meaghers Grant Road	Nova Scotia	Canada	44.9321381	-63.2389676	26	792
Forest Home	Nova Scotia	Canada	44.932331	-64.518362	76	793
Mooseland	Nova Scotia	Canada	44.933	-62.7948	86	794
East Arlington	Nova Scotia	Canada	44.933333	-65.2	31	795
Torbrook East	Nova Scotia	Canada	44.933333	-64.933333	61	796
Torbrook Mines	Nova Scotia	Canada	44.933333	-64.966667	133	797
Nictaux East	Nova Scotia	Canada	44.933333	-65.033333	137	798
South Tremont	Nova Scotia	Canada	44.933333	-64.916667	237	799
Nictaux	Nova Scotia	Canada	44.93357538	-65.050445	1012	800
Brooklyn	Nova Scotia	Canada	44.93823465	-65.1320796	129	801
Windsor Forks	Nova Scotia	Canada	44.9395	-64.1896	365	802
Moosehead	Nova Scotia	Canada	44.9416	-62.2662	60	803
Middleton	Nova Scotia	Canada	44.9418	-65.0686	121	804
Middleton	Nova Scotia	Canada	44.94423576	-65.06143521	1873	805
Aylesford Lake	Nova Scotia	Canada	44.9443788	-64.6624712	49	806
Barkhouse Settlement	Nova Scotia	Canada	44.9453248	-62.378132	44	807
Ardoise	Nova Scotia	Canada	44.9465	-63.9265	549	808
Ellershouse	Nova Scotia	Canada	44.9469	-64.0036	682	809
Port Lorne	Nova Scotia	Canada	44.9485	-65.2651	203	810
Harmony	Nova Scotia	Canada	44.95051531	-64.86580874	297	811
Upper Clarence	Nova Scotia	Canada	44.95123994	-65.1626526	18	812
Meadowvale	Nova Scotia	Canada	44.951364	-64.984711	139	813
Martock	Nova Scotia	Canada	44.9516	-64.1609	584	814
Bonaventure Subdivision	Nova Scotia	Canada	44.953918	-64.977806	38	815
Parsons Trailer Park	Nova Scotia	Canada	44.953918	-64.977806	119	816
Jeffersons Subdivision	Nova Scotia	Canada	44.953918	-64.977806	558	817
Outram	Nova Scotia	Canada	44.9543	-65.2128	36	818
Wilmot	Nova Scotia	Canada	44.9569	-65.0071	706	819
East Tremont	Nova Scotia	Canada	44.957132	-64.908815	60	820
Wyses Corner	Nova Scotia	Canada	44.9575	-63.3036	60	821
Montavista	Nova Scotia	Canada	44.958538	-63.589689	32	822
Upper Falmouth	Nova Scotia	Canada	44.9591	-64.2075	910	823
East Greenwood	Nova Scotia	Canada	44.95946685	-64.96014778	210	824
Hillsvale	Nova Scotia	Canada	44.9599	-63.8793	227	825
A And D Trailer Park	Nova Scotia	Canada	44.96115799	-65.0064671	82	826
Spa Springs	Nova Scotia	Canada	44.9613	-65.0698	122	827
South Farmington	Nova Scotia	Canada	44.961593	-64.997959	488	828
St. Croix	Nova Scotia	Canada	44.96242413	-64.03211867	447	829
Newport Station	Nova Scotia	Canada	44.9631	-64.0569	505	830
Ecum Secum West	Nova Scotia	Canada	44.9638456	-62.166035	119	831
Newport Corner	Nova Scotia	Canada	44.9653	-63.9772	516	832
South Greenwood	Nova Scotia	Canada	44.966667	-64.9	131	833
Ecum Secum Bridge	Nova Scotia	Canada	44.9666948	-62.16651252	9	834
Moser River	Nova Scotia	Canada	44.9675	-62.2608	376	835
Elmsdale	Nova Scotia	Canada	44.9675241	-63.5045007	413	836
Necum Teuch	Nova Scotia	Canada	44.9680176	-62.2119563	63	837
Mount Hanley	Nova Scotia	Canada	44.9683	-65.1747	85	838
Three Mile Plains	Nova Scotia	Canada	44.96927	-64.106021	1530	839
Elmsdale	Nova Scotia	Canada	44.9711	-63.5067	1372	840
Antrim	Nova Scotia	Canada	44.9714	-63.3825	251	841
East Brooklyn	Nova Scotia	Canada	44.971778	-65.073162	32	842
Gypsum Mines	Nova Scotia	Canada	44.971795	-64.04828	104	843
Greenwood	Nova Scotia	Canada	44.97200412	-64.93462145	5430	844
Marinette	Nova Scotia	Canada	44.9728	-62.6539	28	845
Marie Joseph	Nova Scotia	Canada	44.9730507	-62.083593	62	846
Murchyville	Nova Scotia	Canada	44.97347093	-63.10836603	69	847
Malay Falls	Nova Scotia	Canada	44.9749	-62.4832	97	848
Pace Settlement	Nova Scotia	Canada	44.9757	-62.2419	34	849
Garlands Crossing	Nova Scotia	Canada	44.975966	-64.110868	273	850
Lake Egmont	Nova Scotia	Canada	44.9761	-63.3097	111	851
Ecum Secum	Nova Scotia	Canada	44.9774779	-62.168982	129	852
Currys Corner	Nova Scotia	Canada	44.978295	-64.125778	448	853
Moose River Gold Mines	Nova Scotia	Canada	44.9794737	-62.9379428	25	854
Nicholsville	Nova Scotia	Canada	44.9797	-64.806	81	855
Elderbank	Nova Scotia	Canada	44.9803	-63.2169	272	856
Tuppers Trailer Court	Nova Scotia	Canada	44.98089013	-65.013738	26	857
Sweets Corner	Nova Scotia	Canada	44.9823	-64.0474	82	858
Melvern Square	Nova Scotia	Canada	44.983333	-64.983333	648	859
Ellershouse	Nova Scotia	Canada	44.98349335	-63.99732338	109	860
Morristown	Nova Scotia	Canada	44.984198	-64.765770	278	861
Grono Road	Nova Scotia	Canada	44.985825	-63.43472	208	862
Lantz	Nova Scotia	Canada	44.9868241	-63.4813851	1703	863
Hidden Valley	Nova Scotia	Canada	44.987777	-64.978184	180	864
Windsor	Nova Scotia	Canada	44.9902861	-64.1310364	3425	865
Shady Rest Subdivision	Nova Scotia	Canada	44.99076696	-64.98168622	114	866
Dutch Settlement	Nova Scotia	Canada	44.9908	-63.4417	320	867
Kingston	Nova Scotia	Canada	44.9916902	-64.9394056	65	868
Wentworth Creek	Nova Scotia	Canada	44.992815	-64.099903	230	869
South Rawdon	Nova Scotia	Canada	44.9936	-63.8614	326	870
Fleet Settlement	Nova Scotia	Canada	44.994859	-62.172088	17	871
Victoria Vale	Nova Scotia	Canada	44.9951	-65.0708	180	872
Millville	Nova Scotia	Canada	44.995844	-64.816990	174	873
Belnan	Nova Scotia	Canada	44.99616846	-63.52371951	508	874
West Liscomb	Nova Scotia	Canada	44.996922	-62.099652	19	875
Falmouth	Nova Scotia	Canada	44.9969853	-64.1580916	1553	876
Moshers Corner	Nova Scotia	Canada	44.999114	-65.115356	127	877
Factorydale	Nova Scotia	Canada	44.9992	-64.7852	67	878
Prince Albert	Nova Scotia	Canada	45	-65.05	53	879
Rockland	Nova Scotia	Canada	45.00069693	-64.69798303	198	880
Lochaber Mines	Nova Scotia	Canada	45.0031	-62.4701	44	881
Mantua	Nova Scotia	Canada	45.003166	-64.045489	90	882
Port George	Nova Scotia	Canada	45.0037	-65.1582	104	883
Carrolls Corner	Nova Scotia	Canada	45.006	-63.3814	292	884
South-East-Aylesford	Nova Scotia	Canada	45.006579	-64.782140	73	885
Brooklyn	Nova Scotia	Canada	45.00704749	-64.00999835	721	886
MacKay Section	Nova Scotia	Canada	45.009172	-63.959079	258	887
Poplar Grove-Miller Creek	Nova Scotia	Canada	45.0101749	-64.065923	254	888
Black River	Nova Scotia	Canada	45.0107	-64.4166	60	889
Liscomb Mills	Nova Scotia	Canada	45.012355	-62.094537	36	890
McGrath Subdivision	Nova Scotia	Canada	45.013	-63.7049	79	891
Ashdale	Nova Scotia	Canada	45.01319032	-63.92493974	79	892
North Kingston	Nova Scotia	Canada	45.0149	-64.9565	349	893
Davison Street	Nova Scotia	Canada	45.016667	-64.350000	33	894
Forest Glade	Nova Scotia	Canada	45.016667	-65.033333	64	895
Windermere	Nova Scotia	Canada	45.016667	-64.75	130	896
South Waterville	Nova Scotia	Canada	45.016667	-64.666667	357	897
Auburn	Nova Scotia	Canada	45.017355	-64.863031	978	898
Green Acres Subdivision	Nova Scotia	Canada	45.017642	-64.913459	124	899
Union Corner	Nova Scotia	Canada	45.018633	-64.0203411	194	900
South Alton	Nova Scotia	Canada	45.0211	-64.5378	494	901
Spanish Ship Bay	Nova Scotia	Canada	45.021474	-62.030879	72	902
Beattie's Trailer Court	Nova Scotia	Canada	45.02183481	-64.74230488	69	903
New Chester	Nova Scotia	Canada	45.0227	-62.2116	45	904
Avondale	Nova Scotia	Canada	45.022974	-64.123734	142	905
Lower Nine Mile River	Nova Scotia	Canada	45.0232	-63.5568	397	906
Liscomb	Nova Scotia	Canada	45.0236	-62.0056	74	907
Cooks Brook	Nova Scotia	Canada	45.0263935	-63.2947474	286	908
Brookvale	Nova Scotia	Canada	45.0278131	-63.1078599	66	909
Aylesford	Nova Scotia	Canada	45.028156	-64.836432	834	910
Canaan	Nova Scotia	Canada	45.02884584	-64.48093152	746	911
Aylesford East	Nova Scotia	Canada	45.0292	-64.81	159	912
Bishopville	Nova Scotia	Canada	45.0305	-64.244	257	913
Berwick West	Nova Scotia	Canada	45.03185091	-64.74696679	262	914
Woodville	Nova Scotia	Canada	45.03331871	-63.93257761	148	915
Little Liscomb	Nova Scotia	Canada	45.033333	-61.966667	41	916
Prospect	Nova Scotia	Canada	45.03396955	-64.615228	392	917
Beaver Dam	Nova Scotia	Canada	45.0345	-62.7103	25	918
South Berwick	Nova Scotia	Canada	45.03452	-64.7155329	581	919
Milford	Nova Scotia	Canada	45.0360398	-63.422362	477	920
Hardwood Lands	Nova Scotia	Canada	45.0374	-63.5134	623	921
Greenfield	Nova Scotia	Canada	45.04125201	-64.33529747	130	922
Nine Mile River	Nova Scotia	Canada	45.0414	-63.5769	406	923
Higginsville	Nova Scotia	Canada	45.0428	-63.0832	95	924
Middle Musquodoboit	Nova Scotia	Canada	45.0431	-63.1517	954	925
Upper Burlington	Nova Scotia	Canada	45.0447	-64.0421	262	926
Lindsay Lake	Nova Scotia	Canada	45.04494246	-63.01159645	8	927
Berwick	Nova Scotia	Canada	45.0455356	-64.7361374	2455	928
Centre Rawdon	Nova Scotia	Canada	45.0469	-63.8408	353	929
Chaswood	Nova Scotia	Canada	45.0475	-63.2106	206	930
Margaretsville	Nova Scotia	Canada	45.0481	-65.0644	194	931
Milford Station	Nova Scotia	Canada	45.0494	-63.4378	625	932
Robinson Corner	Nova Scotia	Canada	45.05	-64.283333	18	933
Gaspereau Mountain	Nova Scotia	Canada	45.05	-64.333333	41	934
Weltons Corner	Nova Scotia	Canada	45.05	-64.8833329	199	935
Highbury	Nova Scotia	Canada	45.05	-64.483333	232	936
Mount Denson	Nova Scotia	Canada	45.05	-64.166667	549	937
Waterville	Nova Scotia	Canada	45.05020708	-64.67306686	703	938
North Alton	Nova Scotia	Canada	45.050769	-64.523195	509	939
Gays River	Nova Scotia	Canada	45.0515638	-63.3412793	305	940
Dempsey Corner	Nova Scotia	Canada	45.0521	-64.8499	66	941
White Rock	Nova Scotia	Canada	45.0522	-64.411	375	942
Rawdon Gold Mines	Nova Scotia	Canada	45.0533	-63.7619	280	943
East Margaretsville	Nova Scotia	Canada	45.053337	-65.019665	182	944
Scotch Village	Nova Scotia	Canada	45.0553	-63.9975	430	945
Hayes Subdivision	Nova Scotia	Canada	45.055404	-64.589907	1044	946
Caribou Mines Road	Nova Scotia	Canada	45.0573277	-62.9419257	97	947
Cambridge Station	Nova Scotia	Canada	45.05783103	-64.6322916	703	948
Weston	Nova Scotia	Canada	45.0581	-64.7917	191	949
Coldbrook	Nova Scotia	Canada	45.0584631	-64.592474	1206	950
Greenfield	Nova Scotia	Canada	45.0615	-63.8841	76	951
Coldstream	Nova Scotia	Canada	45.0638	-63.3211	137	952
Hantsport	Nova Scotia	Canada	45.06406345	-64.18170954	1542	953
Gaspereau	Nova Scotia	Canada	45.066	-64.3525	461	954
Melanson Mountain	Nova Scotia	Canada	45.066667	-64.316667	55	955
Aylesford Mountain	Nova Scotia	Canada	45.066667	-64.850000	100	956
Sonora	Nova Scotia	Canada	45.066667	-61.9	114	957
Wolfville Ridge	Nova Scotia	Canada	45.066667	-64.383333	298	958
Berwick North	Nova Scotia	Canada	45.06712069	-64.73140186	140	959
Upper Rawdon	Nova Scotia	Canada	45.0675	-63.7117	398	960
Centre Burlington	Nova Scotia	Canada	45.0677	-64.102	277	961
Donnellys Brook	Nova Scotia	Canada	45.068522	-64.909592	19	962
Newcomb Corner	Nova Scotia	Canada	45.0686268	-63.042455	77	963
Glenmore	Nova Scotia	Canada	45.0709	-63.1498	54	964
Hants Border	Nova Scotia	Canada	45.0713397	-64.1936423	408	965
New Minas	Nova Scotia	Canada	45.0723417	-64.4457453	998	966
Mosherville	Nova Scotia	Canada	45.0725	-63.9503	130	967
Pinewood Estates-Royal Oakes	Nova Scotia	Canada	45.072614	-64.578699	256	968
Somerset	Nova Scotia	Canada	45.074045	-64.749454	391	969
Melanson	Nova Scotia	Canada	45.0749	-64.3157	162	970
Wine Harbour	Nova Scotia	Canada	45.0761	-61.8387	11	971
Kentville	Nova Scotia	Canada	45.0771182	-64.4942826	6630	972
Upper Nine Mile River	Nova Scotia	Canada	45.0781	-63.6259	305	973
St. Marys River	Nova Scotia	Canada	45.0814	-61.9331	25	974
Lily Lake	Nova Scotia	Canada	45.0821676	-64.0880513	37	975
Wallbrook	Nova Scotia	Canada	45.082209	-64.299857	152	976
Lower Burlington	Nova Scotia	Canada	45.083333	-64.133333	201	977
Lockhartville	Nova Scotia	Canada	45.083333	-64.216667	447	978
Brooklyn Street	Nova Scotia	Canada	45.0835	-64.6479	170	979
Greenwich	Nova Scotia	Canada	45.083799	-64.399931	463	980
West Brooklyn	Nova Scotia	Canada	45.0838	-64.2319	215	981
Elmsvale	Nova Scotia	Canada	45.0861	-63.069	225	982
Viewmount	Nova Scotia	Canada	45.086347	-64.802373	52	983
Welsford	Nova Scotia	Canada	45.0870729	-64.756930	169	984
Twin Oakes Subdivision	Nova Scotia	Canada	45.087494	-64.61667	281	985
Shubenacadie	Nova Scotia	Canada	45.0879644	-63.4019999	411	986
Brooklyn Corner	Nova Scotia	Canada	45.08898547	-64.57603919	66	987
Stanley	Nova Scotia	Canada	45.0892222	-63.92343194	144	988
Cogmagun	Nova Scotia	Canada	45.0901758	-64.0782038	129	989
Shubenacadie East	Nova Scotia	Canada	45.0916286	-63.3811113	71	990
Wolfville	Nova Scotia	Canada	45.0917657	-64.3597572	5057	991
Wittenburg	Nova Scotia	Canada	45.0932	-63.2318	197	992
West Gore	Nova Scotia	Canada	45.0934	-63.7789	286	993
Indian Brook	Nova Scotia	Canada	45.09562768	-63.48929913	2332	994
Woodville	Nova Scotia	Canada	45.097778	-64.651667	500	995
Port Williams	Nova Scotia	Canada	45.0979976	-64.4100234	1110	996
Avonport	Nova Scotia	Canada	45.0983	-64.2533	466	997
Summerville	Nova Scotia	Canada	45.098345	-64.164306	332	998
Clarksville	Nova Scotia	Canada	45.0989	-63.8292	74	999
Garland	Nova Scotia	Canada	45.0997	-64.7651	130	1000
Lower Wolfville	Nova Scotia	Canada	45.1	-64.333333	156	1001
Chipmans Corner	Nova Scotia	Canada	45.1	-64.483333	169	1002
Riverside	Nova Scotia	Canada	45.10045535	-64.11553271	79	1003
Grafton	Nova Scotia	Canada	45.1021	-64.6972	218	1004
Bickerton West	Nova Scotia	Canada	45.1029259	-61.731678	65	1005
Morden	Nova Scotia	Canada	45.103	-64.9456	190	1006
Keddys Corner	Nova Scotia	Canada	45.103204	-64.516181	102	1007
Mill Village	Nova Scotia	Canada	45.10327083	-63.4566315	227	1008
Fishermans Harbour	Nova Scotia	Canada	45.1058933	-61.6909492	44	1009
Hortonville	Nova Scotia	Canada	45.1082	-64.2911	184	1010
West St. Andrews	Nova Scotia	Canada	45.1084328	-63.3081655	133	1011
Port Hilford	Nova Scotia	Canada	45.1086	-61.8419	43	1012
Grand Pré	Nova Scotia	Canada	45.1089	-64.3092	324	1013
Lakeville	Nova Scotia	Canada	45.109586	-64.607909	574	1014
Steam Mill Village	Nova Scotia	Canada	45.110151	-64.514566	435	1015
Harpellville	Nova Scotia	Canada	45.1116	-61.7753	29	1016
Burlington	Nova Scotia	Canada	45.113	-64.819	168	1017
Port Bickerton	Nova Scotia	Canada	45.1131	-61.7236	200	1018
Greenwood	Nova Scotia	Canada	45.11411524	-63.00414607	142	1019
Canard Acres Subdivision	Nova Scotia	Canada	45.114875	-64.380982	63	1020
East Gore	Nova Scotia	Canada	45.116279	-63.683294	149	1021
West Indian Road	Nova Scotia	Canada	45.116667	-63.583333	121	1022
Upper Dyke Village	Nova Scotia	Canada	45.116667	-64.5	183	1023
Upper Canard	Nova Scotia	Canada	45.116667	-64.466667	226	1024
Macphees Corner	Nova Scotia	Canada	45.1167	-63.5405	33	1025
Kempt Shore	Nova Scotia	Canada	45.118013	-64.193376	200	1026
Goldenville	Nova Scotia	Canada	45.118606	-62.01225	16	1027
Sheet Harbour Road	Nova Scotia	Canada	45.1188	-62.8964	24	1028
Gore	Nova Scotia	Canada	45.1197	-63.7159	146	1029
Ogilvie	Nova Scotia	Canada	45.1208	-64.8458	23	1030
Billtown	Nova Scotia	Canada	45.1224	-64.574	122	1031
Mill Lake	Nova Scotia	Canada	45.126	-62.9111	39	1032
Pine Crest Subdivision	Nova Scotia	Canada	45.1312	-64.521526	313	1033
Riverside Corner	Nova Scotia	Canada	45.1327	-63.7875	85	1034
Canard	Nova Scotia	Canada	45.132729	-64.435731	33	1035
Victoria Harbour	Nova Scotia	Canada	45.133112	-64.4357634	118	1036
North Grand Pre	Nova Scotia	Canada	45.133631	-64.314480	85	1037
Centreville	Nova Scotia	Canada	45.13392651	-64.52649949	1159	1038
Barr Settlement	Nova Scotia	Canada	45.135	-63.632	109	1039
Indian Harbour Lake	Nova Scotia	Canada	45.135716	-61.887675	87	1040
Lanesville	Nova Scotia	Canada	45.1364195	-63.2398527	34	1041
Upper Musquodoboit	Nova Scotia	Canada	45.13642283	-62.94428641	574	1042
Lower Canard	Nova Scotia	Canada	45.138529	-64.388945	123	1043
Stewiacke	Nova Scotia	Canada	45.1387487	-63.3496725	1557	1044
Gibson Woods	Nova Scotia	Canada	45.139167	-64.501944	54	1045
North Salem	Nova Scotia	Canada	45.139529	-63.467225	100	1046
Sherbrooke	Nova Scotia	Canada	45.1406	-61.9839	282	1047
Love Place Corner	Nova Scotia	Canada	45.14320715	-64.66442151	45	1048
Jordanville	Nova Scotia	Canada	45.146	-61.9084	43	1049
Northville	Nova Scotia	Canada	45.1469	-64.5639	175	1050
Hillaton	Nova Scotia	Canada	45.1472	-64.4395	141	1051
Ross Corner	Nova Scotia	Canada	45.1478	-64.65	25	1052
Drum Head	Nova Scotia	Canada	45.1499816	-61.6023673	33	1053
Habitant	Nova Scotia	Canada	45.15	-64.4	77	1054
West Black Rock Road	Nova Scotia	Canada	45.1504184	-64.72920997	13	1055
Sheffield Mills	Nova Scotia	Canada	45.151	-64.4765	414	1056
Ryans Creek	Nova Scotia	Canada	45.15106958	-63.41096718	84	1057
Harbourville	Nova Scotia	Canada	45.1511	-64.8106	174	1058
Atlanta	Nova Scotia	Canada	45.151383	-64.504094	21	1059
Seal Harbour	Nova Scotia	Canada	45.1517	-61.5839	21	1060
Mosher Road	Nova Scotia	Canada	45.15389583	-63.41178578	36	1061
Stewiacke East	Nova Scotia	Canada	45.1541169	-63.270215	290	1062
Cheverie	Nova Scotia	Canada	45.1569	-64.175	232	1063
Fort Ellis	Nova Scotia	Canada	45.1598032	-63.3527962	144	1064
Canning	Nova Scotia	Canada	45.1604308	-64.4282179	716	1065
Kingsport	Nova Scotia	Canada	45.1606	-64.3617	291	1066
MacKay Siding	Nova Scotia	Canada	45.1633782	-63.297035	23	1067
Pereaux	Nova Scotia	Canada	45.165163	-64.39908	393	1068
Admiral Rock	Nova Scotia	Canada	45.1658	-63.3986	91	1069
West Halls Harbour Road	Nova Scotia	Canada	45.1666669	-64.6	68	1070
New Harbour	Nova Scotia	Canada	45.1666669	-61.466667	101	1071
Coddles Harbour	Nova Scotia	Canada	45.1679	-61.5385	17	1072
South Branch	Nova Scotia	Canada	45.1698	-63.0856	129	1073
Canada Creek	Nova Scotia	Canada	45.1703	-64.7457	16	1074
Black Rock	Nova Scotia	Canada	45.17036174	-64.75427946	366	1075
Bramber	Nova Scotia	Canada	45.1714	-64.1533	364	1076
Rabbit Square	Nova Scotia	Canada	45.1732844	-64.4363889	47	1077
Huntington Point	Nova Scotia	Canada	45.1743578	-64.625759	16	1078
Chipman Brook	Nova Scotia	Canada	45.176454	-64.688164	43	1079
Kennetcook	Nova Scotia	Canada	45.178	-63.722	459	1080
Woodside	Nova Scotia	Canada	45.17934588	-64.44682685	138	1081
Cloverdale	Nova Scotia	Canada	45.1797126	-63.2122439	38	1082
Medford	Nova Scotia	Canada	45.1809	-64.3612	129	1083
Isaac's Harbour	Nova Scotia	Canada	45.1823	-61.6626	45	1084
Goldboro	Nova Scotia	Canada	45.1826	-61.6455	37	1085
Stewart Hill	Nova Scotia	Canada	45.1829427	-62.9650459	33	1086
East Halls Harbour Road	Nova Scotia	Canada	45.183333	-64.583333	168	1087
Rines Creek	Nova Scotia	Canada	45.1839683	-63.7845019	137	1088
Stillwater	Nova Scotia	Canada	45.18490214	-61.98274614	56	1089
Chaplin	Nova Scotia	Canada	45.1852515	-62.8148963	136	1090
Alton	Nova Scotia	Canada	45.1854576	-63.2949035	213	1091
West Glenmont	Nova Scotia	Canada	45.186363	-64.534573	16	1092
Glenmont	Nova Scotia	Canada	45.1865	-64.5019	175	1093
Riverside	Nova Scotia	Canada	45.19093697	-63.37408875	104	1094
Dean	Nova Scotia	Canada	45.195	-62.8883	155	1095
Torbay	Nova Scotia	Canada	45.198824	-61.366406	34	1096
The Lookoff	Nova Scotia	Canada	45.1989	-64.4186	44	1097
Arlington	Nova Scotia	Canada	45.199	-64.4247	254	1098
Georgefield	Nova Scotia	Canada	45.2	-63.55	85	1099
Delhaven	Nova Scotia	Canada	45.2	-64.3833329	108	1100
Hall's Harbour	Nova Scotia	Canada	45.2008	-64.6189	83	1101
Upper Kennetcook	Nova Scotia	Canada	45.201966	-63.652513	269	1102
Cambridge	Nova Scotia	Canada	45.202	-64.1068	210	1103
Isaac's Harbour North	Nova Scotia	Canada	45.2034	-61.673	17	1104
Long Beach	Nova Scotia	Canada	45.20380636	-64.534717	58	1105
Noel Road	Nova Scotia	Canada	45.20488633	-63.73536901	128	1106
Forest Glen	Nova Scotia	Canada	45.20521293	-63.23199464	18	1107
Waternish	Nova Scotia	Canada	45.2063947	-62.0288817	18	1108
Newton Mills	Nova Scotia	Canada	45.209954	-62.9151337	53	1109
Birch Hill	Nova Scotia	Canada	45.21183739	-63.17924369	55	1110
Brentwood	Nova Scotia	Canada	45.212	-63.2806	274	1111
Shortts Lake	Nova Scotia	Canada	45.2144105	-63.3300793	156	1112
Urbania	Nova Scotia	Canada	45.218402	-63.42798	126	1113
Blomidon	Nova Scotia	Canada	45.218645	-64.371663	153	1114
White Settlement	Nova Scotia	Canada	45.2196179	-63.711240	154	1115
Upper Stewiacke	Nova Scotia	Canada	45.2198	-62.9888	135	1116
Stormont	Nova Scotia	Canada	45.2216	-61.7355	35	1117
Larry's River	Nova Scotia	Canada	45.2217	-61.3828	80	1118
Lower Whitehead	Nova Scotia	Canada	45.22193	-61.180367	27	1119
Pembroke	Nova Scotia	Canada	45.2223	-64.061	87	1120
Five Mile River	Nova Scotia	Canada	45.2253	-63.6053	90	1121
New Dublin	Nova Scotia	Canada	45.227327	-63.442811	28	1122
Middle Stewiacke	Nova Scotia	Canada	45.2274673	-63.1327762	355	1123
Baxters Harbour	Nova Scotia	Canada	45.2292	-64.5181	147	1124
Walton	Nova Scotia	Canada	45.2297	-64.0064	281	1125
Eastville	Nova Scotia	Canada	45.2308	-62.9252	32	1126
North Noel Road	Nova Scotia	Canada	45.2321	-63.7466	294	1127
Scots Bay Road	Nova Scotia	Canada	45.233333	-64.4	127	1128
Whitehead	Nova Scotia	Canada	45.2342	-61.1853	35	1129
Latties Brook	Nova Scotia	Canada	45.2369	-63.5708	28	1130
Stewiacke Cross Roads	Nova Scotia	Canada	45.2386083	-62.938482	64	1131
Gormanville	Nova Scotia	Canada	45.24358364	-63.6717031	22	1132
Country Harbour Mines	Nova Scotia	Canada	45.2489	-61.8035	85	1133
Port Felix	Nova Scotia	Canada	45.2493	-61.2182	65	1134
Charlos Cove	Nova Scotia	Canada	45.25	-61.3322	51	1135
Green Oaks	Nova Scotia	Canada	45.2504	-63.4353	44	1136
Northfield	Nova Scotia	Canada	45.25066161	-63.68177159	344	1137
Pleasant Valley	Nova Scotia	Canada	45.25249335	-63.3191557	123	1138
Pleasant Valley	Nova Scotia	Canada	45.2530004	-63.3234665	131	1139
South Maitland	Nova Scotia	Canada	45.2536	-63.4747	205	1140
Brookfield	Nova Scotia	Canada	45.2537508	-63.2795521	439	1141
Gormanville	Nova Scotia	Canada	45.257425	-63.753248	169	1142
Smithfield	Nova Scotia	Canada	45.2587	-62.1402	16	1143
Maple Grove	Nova Scotia	Canada	45.2599	-63.5411	57	1144
Glenelg	Nova Scotia	Canada	45.261	-62.0786	71	1145
Melrose	Nova Scotia	Canada	45.2619	-62.0414	17	1146
East Walton	Nova Scotia	Canada	45.26308	-63.862176	184	1147
Otter Brook	Nova Scotia	Canada	45.2643598	-63.0296053	115	1148
Upper Smithfield	Nova Scotia	Canada	45.266667	-62.183333	9	1149
Tennycape	Nova Scotia	Canada	45.266671	-63.88487	183	1150
Halfway Brook	Nova Scotia	Canada	45.2717873	-63.078671	50	1151
Lower Caledonia	Nova Scotia	Canada	45.2751	-62.2741	8	1152
Cross Roads Country Harbour	Nova Scotia	Canada	45.2777	-61.8844	92	1153
Caledonia	Nova Scotia	Canada	45.27827416	-62.38198704	47	1154
Lundy	Nova Scotia	Canada	45.2788	-61.509	18	1155
Glenbervie	Nova Scotia	Canada	45.279465	-63.02082	66	1156
Moose Brook	Nova Scotia	Canada	45.281289	-63.833471	107	1157
Upper Whitehead	Nova Scotia	Canada	45.282736	-61.169517	24	1158
Minasville	Nova Scotia	Canada	45.2831	-63.8149	112	1159
Graham Hill	Nova Scotia	Canada	45.283333	-62.983333	23	1160
Lake Road	Nova Scotia	Canada	45.283333	-63.733333	177	1161
Princeport	Nova Scotia	Canada	45.285191	-63.4519699	89	1162
Dover	Nova Scotia	Canada	45.2864	-61.0459	203	1163
Trafalgar	Nova Scotia	Canada	45.28729969	-62.66311648	2	1164
Noel	Nova Scotia	Canada	45.29584715	-63.74742954	227	1165
Aspen	Nova Scotia	Canada	45.2972	-62.0531	87	1166
Princeport Road	Nova Scotia	Canada	45.2987139	-63.438175	26	1167
East Noel	Nova Scotia	Canada	45.29986	-63.699933	186	1168
Scots Bay	Nova Scotia	Canada	45.3006	-64.395	191	1169
Forest Hill	Nova Scotia	Canada	45.308159	-61.759242	254	1170
Hilden	Nova Scotia	Canada	45.31047	-63.286054	1694	1171
Country Harbour Lake	Nova Scotia	Canada	45.3105	-61.9197	50	1172
Stirling Brook	Nova Scotia	Canada	45.311	-63.559373	21	1173
Beaver Brook	Nova Scotia	Canada	45.3117	-63.4188	118	1174
Burntcoat	Nova Scotia	Canada	45.31189	-63.789766	68	1175
Noel Shore	Nova Scotia	Canada	45.3133	-63.6483	117	1176
Lower Selma	Nova Scotia	Canada	45.314468	-63.598958	91	1177
Camden	Nova Scotia	Canada	45.3164	-63.1961	66	1178
Upper Burnside	Nova Scotia	Canada	45.316667	-62.983333	18	1179
Selma	Nova Scotia	Canada	45.3182	-63.5416	181	1180
Maitland	Nova Scotia	Canada	45.31857823	-63.49558897	308	1181
Burnside	Nova Scotia	Canada	45.32267415	-62.9602913	9	1182
Hazel Hill	Nova Scotia	Canada	45.3244	-61.0308	89	1183
Millbrook	Nova Scotia	Canada	45.3308801	-63.3075914	123	1184
East Advocate	Nova Scotia	Canada	45.3320648	-64.7672835	130	1185
Clifton	Nova Scotia	Canada	45.3328	-63.4483	62	1186
Advocate Harbour	Nova Scotia	Canada	45.3333	-64.7833	220	1187
Denver	Nova Scotia	Canada	45.333333	-62.1	28	1188
Durell Island	Nova Scotia	Canada	45.3339	-60.9953	5	1189
Harmony	Nova Scotia	Canada	45.33594648	-63.17210748	194	1190
Canso	Nova Scotia	Canada	45.3362846	-60.9944422	707	1191
Two Mile Lake (Lochiel)	Nova Scotia	Canada	45.33782335	-62.05176397	58	1192
Tittle Road	Nova Scotia	Canada	45.338366	-61.015287	40	1193
Queensport	Nova Scotia	Canada	45.3386	-61.2661	40	1194
Old Barns	Nova Scotia	Canada	45.3456	-63.3975	128	1195
Ogden	Nova Scotia	Canada	45.346	-61.6319	10	1196
Half Island Cove	Nova Scotia	Canada	45.346054	-61.200035	49	1197
Fox Island-Fox Island Main	Nova Scotia	Canada	45.34670247	-61.09260432	30	1198
Lower Harmony	Nova Scotia	Canada	45.34726	-63.156885	102	1199
Halfway Cove	Nova Scotia	Canada	45.3473	-61.371	33	1200
Philips Harbour	Nova Scotia	Canada	45.3481	-61.2361	29	1201
Dorts Cove	Nova Scotia	Canada	45.3494249	-61.45606	18	1202
Truro Heights	Nova Scotia	Canada	45.3498479	-63.3123233	1452	1203
Peas Brook	Nova Scotia	Canada	45.35	-61.333333	18	1204
West Advocate	Nova Scotia	Canada	45.35059467	-64.81493718	65	1205
Lower Truro	Nova Scotia	Canada	45.353677	-63.3431344	229	1206
Roachvale	Nova Scotia	Canada	45.3538	-61.548	18	1207
Spencers Island	Nova Scotia	Canada	45.3547	-64.715	80	1208
Greenfield	Nova Scotia	Canada	45.3551322	-63.0876583	851	1209
Hortons Cove	Nova Scotia	Canada	45.3581265	-61.493221	13	1210
Salmon River	Nova Scotia	Canada	45.35845004	-63.24048078	260	1211
Salmon River Lake	Nova Scotia	Canada	45.35970915	-61.71912059	13	1212
Eight Island Lake	Nova Scotia	Canada	45.3623	-61.946218	54	1213
Cooks Cove	Nova Scotia	Canada	45.363187	-61.487595	22	1214
Truro	Nova Scotia	Canada	45.3646224	-63.2765061	12954	1215
Newtown	Nova Scotia	Canada	45.3654	-62.1356	53	1216
Fort Belcher	Nova Scotia	Canada	45.3659899	-63.410934	20	1217
North Ogden	Nova Scotia	Canada	45.366667	-61.666667	7	1218
West Cooks Cove	Nova Scotia	Canada	45.366667	-61.500000	12	1219
Erinville	Nova Scotia	Canada	45.3712	-61.7361	26	1220
Goshen	Nova Scotia	Canada	45.3739	-61.9714	124	1221
Masstown	Nova Scotia	Canada	45.3746282	-63.4671363	156	1222
West Bay	Nova Scotia	Canada	45.3752939	-64.386685	107	1223
South Lochaber	Nova Scotia	Canada	45.378	-62.0494	34	1224
Lower Onslow	Nova Scotia	Canada	45.3792924	-63.3908426	305	1225
Allenville	Nova Scotia	Canada	45.37955395	-64.69396631	20	1226
Central Onslow	Nova Scotia	Canada	45.3798831	-63.3369798	476	1227
Bible Hill	Nova Scotia	Canada	45.3809952	-63.2510777	5076	1228
Valley Station	Nova Scotia	Canada	45.3817949	-63.195414	21	1229
Sunnyville	Nova Scotia	Canada	45.383333	-61.533333	77	1230
Little Dyke	Nova Scotia	Canada	45.3839	-63.5574	79	1231
Black Rock	Nova Scotia	Canada	45.3839949	-64.4157169	20	1232
Economy Point	Nova Scotia	Canada	45.38402564	-63.89731776	17	1233
Giant Lake	Nova Scotia	Canada	45.384491	-61.849454	45	1234
Economy	Nova Scotia	Canada	45.38483787	-63.91477389	144	1235
Onslow	Nova Scotia	Canada	45.3875	-63.3046	413	1236
Shelby Village	Nova Scotia	Canada	45.38923	-63.256993	106	1237
Lower Debert	Nova Scotia	Canada	45.3904	-63.5121	42	1238
Fraserville	Nova Scotia	Canada	45.3906	-64.6683	37	1239
Guysborough	Nova Scotia	Canada	45.3906075	-61.4989627	397	1240
Guysborough Trailer Park	Nova Scotia	Canada	45.3921	-61.4996	17	1241
Valley Cross Roads	Nova Scotia	Canada	45.392193	-63.203269	697	1242
East River St. Marys	Nova Scotia	Canada	45.3925	-62.1729	77	1243
Rocky Mountain	Nova Scotia	Canada	45.3936	-62.2497	27	1244
Willowdale	Nova Scotia	Canada	45.395739	-62.22229	26	1245
Two Islands	Nova Scotia	Canada	45.395924	-64.234858	52	1246
Five Houses	Nova Scotia	Canada	45.39699105	-63.72971534	15	1247
Old Riverside	Nova Scotia	Canada	45.397479	-61.57423	13	1248
Saints Rest	Nova Scotia	Canada	45.397521	-63.783049	27	1249
Sunnybrae	Nova Scotia	Canada	45.3989	-62.5003	170	1250
Glenholme	Nova Scotia	Canada	45.3994	-63.5456	214	1251
Eden Lake	Nova Scotia	Canada	45.3994039	-62.291747	28	1252
South River Lake	Nova Scotia	Canada	45.4	-61.95	37	1253
Little Bass River	Nova Scotia	Canada	45.4	-63.808	90	1254
Fox River	Nova Scotia	Canada	45.4	-64.5167	93	1255
Bass River	Nova Scotia	Canada	45.4	-63.7667	114	1256
Highland Village	Nova Scotia	Canada	45.4001077	-63.6507314	102	1257
Lower Economy	Nova Scotia	Canada	45.4008	-63.9861	63	1258
Iron Rock	Nova Scotia	Canada	45.4012	-62.533	25	1259
College Grant	Nova Scotia	Canada	45.4016289	-62.07582085	9	1260
Riversdale	Nova Scotia	Canada	45.40200904	-62.996783	19	1261
Copper Lake	Nova Scotia	Canada	45.40215053	-61.97718321	8	1262
Crowes Mills	Nova Scotia	Canada	45.404508	-63.3647065	379	1263
South Manchester	Nova Scotia	Canada	45.404662	-61.44381	14	1264
Portapique	Nova Scotia	Canada	45.4047	-63.7032	119	1265
Parrsboro	Nova Scotia	Canada	45.4056589	-64.3258874	1327	1266
Port Greville	Nova Scotia	Canada	45.407754	-64.549260	110	1267
Birch Hill	Nova Scotia	Canada	45.40819159	-63.7632911	85	1268
Wards Brook	Nova Scotia	Canada	45.4111	-64.5581	72	1269
Five Islands	Nova Scotia	Canada	45.4119	-64.0369	270	1270
Manganese Mines	Nova Scotia	Canada	45.4128	-63.1628	68	1271
Diligent River	Nova Scotia	Canada	45.4129	-64.4598	196	1272
Upper Brookside	Nova Scotia	Canada	45.4132145	-63.2185735	82	1273
Lochaber	Nova Scotia	Canada	45.415056	-62.025167	305	1274
Great Village	Nova Scotia	Canada	45.4164	-63.5999	488	1275
Glenkeen	Nova Scotia	Canada	45.4166669	-61.483333	13	1276
West Montrose	Nova Scotia	Canada	45.4166669	-63.716667	27	1277
Glengarry Station	Nova Scotia	Canada	45.4166669	-62.766667	46	1278
Wharton	Nova Scotia	Canada	45.4167	-64.3833	47	1279
North Greville	Nova Scotia	Canada	45.41714792	-64.54751096	10	1280
Carrs Brook	Nova Scotia	Canada	45.4176591	-63.9576128	47	1281
St. Pauls	Nova Scotia	Canada	45.418	-62.5762	15	1282
Moose River	Nova Scotia	Canada	45.41811615	-64.176945	33	1283
Glengarry	Nova Scotia	Canada	45.4194	-62.7601	71	1284
Lorne	Nova Scotia	Canada	45.422874	-62.693724	177	1285
Edgewood	Nova Scotia	Canada	45.423037	-63.797744	60	1286
Elgin	Nova Scotia	Canada	45.4233	-62.6701	50	1287
New Salem	Nova Scotia	Canada	45.423309	-64.789931	81	1288
Port Shoreham	Nova Scotia	Canada	45.4238	-61.4208	13	1289
Montrose	Nova Scotia	Canada	45.4239	-63.7015	58	1290
Upper Economy	Nova Scotia	Canada	45.4259132	-63.8576315	103	1291
Belmont	Nova Scotia	Canada	45.4262596	-63.386329	352	1292
Belmont	Nova Scotia	Canada	45.4262596	-63.386329	499	1293
Lansdowne	Nova Scotia	Canada	45.4265789	-62.830189	42	1294
Lansdowne Station	Nova Scotia	Canada	45.4286109	-62.818889	75	1295
Bridgeville	Nova Scotia	Canada	45.4301	-62.6066	176	1296
East Mountain	Nova Scotia	Canada	45.4308615	-63.1683456	316	1297
Lorne Station	Nova Scotia	Canada	45.4310234	-62.720472	16	1298
Manassette Lake	Nova Scotia	Canada	45.4319	-61.3418	26	1299
Spicers Cove	Nova Scotia	Canada	45.43262678	-64.89184895	2	1300
Middle Manchester	Nova Scotia	Canada	45.433333	-61.450000	8	1301
Loch Katrine	Nova Scotia	Canada	45.433333	-61.933333	26	1302
Scrabble Hill	Nova Scotia	Canada	45.433333	-63.616667	61	1303
New Prospect	Nova Scotia	Canada	45.433333	-64.266667	261	1304
Garden Of Eden	Nova Scotia	Canada	45.433594	-62.317259	52	1305
Upper Bass River	Nova Scotia	Canada	45.4337329	-63.766046	96	1306
Portapique Mountain	Nova Scotia	Canada	45.43386903	-63.74659142	24	1307
Milford Haven	Nova Scotia	Canada	45.434136	-61.519197	8	1308
North River	Nova Scotia	Canada	45.434285	-63.262053	260	1309
North River	Nova Scotia	Canada	45.434285	-63.262053	305	1310
Middleton	Nova Scotia	Canada	45.43447021	-61.98281925	17	1311
Boylston	Nova Scotia	Canada	45.435	-61.5031	65	1312
Debert	Nova Scotia	Canada	45.4369	-63.4565	1193	1313
MacPherson Lake	Nova Scotia	Canada	45.437126	-61.432369	13	1314
East Village	Nova Scotia	Canada	45.4401	-63.5767	85	1315
East Mines Station	Nova Scotia	Canada	45.4403	-63.515	41	1316
East Mines	Nova Scotia	Canada	45.440342	-63.492461	258	1317
Lesterdale	Nova Scotia	Canada	45.443792	-61.52952	9	1318
St. Francis Harbour	Nova Scotia	Canada	45.4494	-61.3106	41	1319
East Roman Valley	Nova Scotia	Canada	45.45	-61.7	5	1320
Guysborough Intervale	Nova Scotia	Canada	45.45	-61.616667	9	1321
Millstream	Nova Scotia	Canada	45.45	-62.65	19	1322
New Lairg	Nova Scotia	Canada	45.45	-62.816667	25	1323
West River Station	Nova Scotia	Canada	45.45	-62.9	56	1324
Lower Five Islands	Nova Scotia	Canada	45.4512542	-64.0644711	228	1325
Central North River	Nova Scotia	Canada	45.45203295	-63.20822389	55	1326
Concord	Nova Scotia	Canada	45.452796	-62.790516	8	1327
Onslow Mountain	Nova Scotia	Canada	45.4529313	-63.3160779	722	1328
Manchester	Nova Scotia	Canada	45.4536	-61.4702	44	1329
Havendale	Nova Scotia	Canada	45.453733	-61.576658	32	1330
Springville	Nova Scotia	Canada	45.454529	-62.623646	232	1331
Apple River	Nova Scotia	Canada	45.455453	-64.792176	88	1332
Londonderry Station	Nova Scotia	Canada	45.456412	-63.5828135	132	1333
North Riverside	Nova Scotia	Canada	45.457337	-61.539182	29	1334
Roman Valley	Nova Scotia	Canada	45.46007839	-61.74807177	9	1335
Hadleyville	Nova Scotia	Canada	45.463	-61.2817	25	1336
Folly Mountain	Nova Scotia	Canada	45.4637	-63.5272	19	1337
Marshdale	Nova Scotia	Canada	45.466667	-62.716667	75	1338
Upper South River	Nova Scotia	Canada	45.466667	-61.933333	156	1339
Island East River	Nova Scotia	Canada	45.46705725	-62.66340548	313	1340
Lakelands	Nova Scotia	Canada	45.47224698	-64.332725	136	1341
Londonderry	Nova Scotia	Canada	45.4752	-63.6024	244	1342
East Apple River	Nova Scotia	Canada	45.479937	-64.766184	34	1343
Hopewell	Nova Scotia	Canada	45.4827	-62.6985	453	1344
Cape Auguet	Nova Scotia	Canada	45.483333	-61.016667	18	1345
North Intervale	Nova Scotia	Canada	45.483333	-61.65	28	1346
Cross Roads Ohio	Nova Scotia	Canada	45.483333	-62.050000	110	1347
Ohio West	Nova Scotia	Canada	45.4835717	-62.0646553	101	1348
Moose River	Nova Scotia	Canada	45.48477307	-62.362659	46	1349
Watervale	Nova Scotia	Canada	45.4854	-62.9152	85	1350
Blue Mountain	Nova Scotia	Canada	45.48776889	-62.43636033	131	1351
Upper North River	Nova Scotia	Canada	45.4883448	-63.2156217	114	1352
White Hill	Nova Scotia	Canada	45.4897	-62.7564	115	1353
Irish Mountain	Nova Scotia	Canada	45.4905688	-62.6281156	77	1354
Alderney Point	Nova Scotia	Canada	45.49227188	-60.95737724	266	1355
Middle River Road	Nova Scotia	Canada	45.4934767	-62.7761981	150	1356
Little Anse	Nova Scotia	Canada	45.494128	-60.9327618	157	1357
Montreal Hill	Nova Scotia	Canada	45.495211	-62.796521	44	1358
Fraser Mills	Nova Scotia	Canada	45.496131	-61.935533	132	1359
McCallum Settlement	Nova Scotia	Canada	45.4972	-63.2611	28	1360
Rocklin	Nova Scotia	Canada	45.4977	-62.7831	142	1361
Eureka	Nova Scotia	Canada	45.4981	-62.6861	236	1362
Upper Belmont	Nova Scotia	Canada	45.4985979	-63.3874869	244	1363
Croft	Nova Scotia	Canada	45.5	-61.833333	14	1364
Lower Springfield	Nova Scotia	Canada	45.5	-61.883333	50	1365
Caledonia Mills	Nova Scotia	Canada	45.50060058	-61.81533667	35	1366
Kemptown	Nova Scotia	Canada	45.5009847	-63.1054142	178	1367
Gros Nez	Nova Scotia	Canada	45.501165	-60.947221	57	1368
Sampson Cove	Nova Scotia	Canada	45.5032171	-60.940054	116	1369
Lincolnville	Nova Scotia	Canada	45.5036	-61.5437	39	1370
Halfway River	Nova Scotia	Canada	45.5052371	-64.3369985	68	1371
Mackenzie Settlement	Nova Scotia	Canada	45.5055786	-63.1923458	33	1372
Petit-de-Grat	Nova Scotia	Canada	45.506	-60.9573	329	1373
Robins	Nova Scotia	Canada	45.506552	-61.005248	49	1374
Riverton	Nova Scotia	Canada	45.5071	-62.6864	393	1375
Upper Mount Thom	Nova Scotia	Canada	45.50714604	-62.99359861	15	1376
Boudreauville	Nova Scotia	Canada	45.5081284	-60.9709196	117	1377
West Arichat	Nova Scotia	Canada	45.5112	-61.0129	308	1378
Digdons Corner	Nova Scotia	Canada	45.51247	-61.07473	50	1379
Arichat	Nova Scotia	Canada	45.51376642	-61.01216616	641	1380
Churchville	Nova Scotia	Canada	45.514401	-62.642144	90	1381
Ashdale	Nova Scotia	Canada	45.51456635	-62.02340488	148	1382
Glassburn	Nova Scotia	Canada	45.516667	-61.766667	14	1383
Mill Brook	Nova Scotia	Canada	45.516667	-62.816667	39	1384
Beauly	Nova Scotia	Canada	45.516667	-61.816667	81	1385
Ferrona Junction	Nova Scotia	Canada	45.516796	-62.70901	84	1386
Sutherland Lake	Nova Scotia	Canada	45.5169239	-63.676676	22	1387
Woodfield	Nova Scotia	Canada	45.51702536	-62.38091514	15	1388
Ohio	Nova Scotia	Canada	45.51717821	-62.06633418	51	1389
Sand Point	Nova Scotia	Canada	45.51882365	-61.25861449	22	1390
Lovat	Nova Scotia	Canada	45.5189049	-62.850437	42	1391
Harrison Settlement	Nova Scotia	Canada	45.519741	-64.390997	59	1392
Pinevale	Nova Scotia	Canada	45.522624	-61.981234	146	1393
Lower Mount Thom	Nova Scotia	Canada	45.52523	-62.949752	118	1394
New Canaan	Nova Scotia	Canada	45.526	-64.2664	117	1395
McLellan Mountain	Nova Scotia	Canada	45.5264962	-62.5740652	99	1396
Marydale	Nova Scotia	Canada	45.5266	-61.8331	47	1397
Purlbrook	Nova Scotia	Canada	45.526787	-62.051837	155	1398
Nuttby	Nova Scotia	Canada	45.5295	-63.2059	125	1399
Union Centre	Nova Scotia	Canada	45.5314	-62.7531	260	1400
Pondville South	Nova Scotia	Canada	45.533333	-60.983333	29	1401
Glenroy	Nova Scotia	Canada	45.533333	-61.866667	31	1402
Laggan	Nova Scotia	Canada	45.533333	-62.333333	78	1403
Satellite Slopes	Nova Scotia	Canada	45.5333333	-62.6491666	51	1404
Dunmore	Nova Scotia	Canada	45.53378357	-61.931453	114	1405
Port Royal	Nova Scotia	Canada	45.53390321	-61.09785428	206	1406
Meikiefield	Nova Scotia	Canada	45.5341	-62.4544	33	1407
Fox Brook	Nova Scotia	Canada	45.5359539	-62.710325	197	1408
Middle Melford	Nova Scotia	Canada	45.53656	-61.315859	18	1409
Janvrin Island	Nova Scotia	Canada	45.5367625	-61.1673866	88	1410
Salt Springs	Nova Scotia	Canada	45.537817	-62.89283026	152	1411
St. Joseph	Nova Scotia	Canada	45.53919089	-62.0748973	129	1412
Upper Kemptown	Nova Scotia	Canada	45.54018927	-63.09870567	2	1413
McGraths Mountain	Nova Scotia	Canada	45.540717	-62.359322	21	1414
Plymouth	Nova Scotia	Canada	45.540977	-62.652351	209	1415
Plymouth	Nova Scotia	Canada	45.540977	-62.652351	286	1416
Pondville	Nova Scotia	Canada	45.541069	-60.99214	78	1417
Mountville	Nova Scotia	Canada	45.542405	-62.623137	55	1418
Pettigrew Settlement	Nova Scotia	Canada	45.54246	-64.356575	35	1419
McLellans Brook	Nova Scotia	Canada	45.542758	-62.605288	417	1420
McPhersons Mills	Nova Scotia	Canada	45.544262	-62.515574	218	1421
Hazel Glen	Nova Scotia	Canada	45.547109	-62.730008	61	1422
Plymouth Park	Nova Scotia	Canada	45.54712	-62.652872	136	1423
Steep Creek	Nova Scotia	Canada	45.5483	-61.3361	28	1424
Brookland	Nova Scotia	Canada	45.548785	-62.931783	42	1425
Rogers Road	Nova Scotia	Canada	45.54929865	-62.56760062	19	1426
Lochside	Nova Scotia	Canada	45.55	-60.983333	25	1427
Black Avon	Nova Scotia	Canada	45.55	-61.783333	50	1428
Meadow Green	Nova Scotia	Canada	45.55	-61.816667	67	1429
Beaver Meadow	Nova Scotia	Canada	45.55	-62.100000	114	1430
South Brook	Nova Scotia	Canada	45.55	-64.183333	417	1431
Limerock	Nova Scotia	Canada	45.5500169	-62.846716	31	1432
Glen Road	Nova Scotia	Canada	45.550643	-62.01911	89	1433
Middle Clyde River	Nova Scotia	Canada	45.5509428	-63.93574663	2	1434
Poison Lake	Nova Scotia	Canada	45.55108751	-63.93652825	2	1435
Rocky Bay	Nova Scotia	Canada	45.552219	-60.952921	113	1436
Greenwood	Nova Scotia	Canada	45.5525	-62.5622	513	1437
Folly Lake	Nova Scotia	Canada	45.5539	-63.5486	33	1438
Pleasant Valley	Nova Scotia	Canada	45.5559	-62.7733	285	1439
Westville	Nova Scotia	Canada	45.5564449	-62.715484	3540	1440
Stillman	Nova Scotia	Canada	45.55666	-62.894476	17	1441
East Mapleton	Nova Scotia	Canada	45.5567	-64.1117	70	1442
West Brook	Nova Scotia	Canada	45.5568	-64.2993	44	1443
Stellarton	Nova Scotia	Canada	45.5568366	-62.6603397	4007	1444
St-Andrews	Nova Scotia	Canada	45.55869	-61.890250	34	1445
St. Andrews	Nova Scotia	Canada	45.55869	-61.890250	412	1446
Rossfield	Nova Scotia	Canada	45.5587467	-62.2731502	20	1447
Little Barachois	Nova Scotia	Canada	45.559107	-60.965855	26	1448
Tanner Hill	Nova Scotia	Canada	45.5598669	-62.81984166	49	1449
Blue Acres	Nova Scotia	Canada	45.56004992	-62.64860065	28	1450
Addington Forks	Nova Scotia	Canada	45.5622	-62.1006	281	1451
South Brook	Nova Scotia	Canada	45.5638	-64.1794	80	1452
Farmington	Nova Scotia	Canada	45.5643	-63.8955	125	1453
Greenhill	Nova Scotia	Canada	45.5644	-62.8028	133	1454
Hemlock Hill Trailer Park	Nova Scotia	Canada	45.565303	-62.617511	22	1455
Green Hill	Nova Scotia	Canada	45.565317	-62.804399	237	1456
Green Hill	Nova Scotia	Canada	45.565317	-62.804399	301	1457
Cap La Ronde	Nova Scotia	Canada	45.565381	-60.900187	15	1458
Thorburn	Nova Scotia	Canada	45.565455	-62.548056	425	1459
Telford	Nova Scotia	Canada	45.566667	-62.466667	106	1460
Coalburn	Nova Scotia	Canada	45.566709	-62.591962	254	1461
Upper Big Tracadie	Nova Scotia	Canada	45.56720678	-61.59815469	20	1462
East New Annan	Nova Scotia	Canada	45.5694114	-63.296113	49	1463
Wyvern	Nova Scotia	Canada	45.5696	-63.9458	153	1464
James River	Nova Scotia	Canada	45.5702	-62.1318	143	1465
Priestville	Nova Scotia	Canada	45.572197	-62.628192	157	1466
West Chester Village	Nova Scotia	Canada	45.5725	-63.7228	29	1467
French River	Nova Scotia	Canada	45.5736	-62.4269	49	1468
Broadway	Nova Scotia	Canada	45.5756	-62.3658	86	1469
Fraser's Grant	Nova Scotia	Canada	45.575918	-61.808084	100	1470
Alma	Nova Scotia	Canada	45.5764	-62.7644	344	1471
Central West River	Nova Scotia	Canada	45.5769	-62.8439	151	1472
Merland	Nova Scotia	Canada	45.5772	-61.6706	65	1473
West River	Nova Scotia	Canada	45.5774	-62.8445	168	1474
Kenzieville	Nova Scotia	Canada	45.5776139	-62.301302	71	1475
Earltown	Nova Scotia	Canada	45.5778	-63.1379	80	1476
Lennox Passage	Nova Scotia	Canada	45.578603	-61.073182	16	1477
Chesholm Trailer Court	Nova Scotia	Canada	45.5794	-62.080675	60	1478
Oasis Trailer Court	Nova Scotia	Canada	45.580599	-61.940584	51	1479
Mapleton	Nova Scotia	Canada	45.5816	-64.1471	155	1480
Gracieville	Nova Scotia	Canada	45.582697	-60.715837	17	1481
Martinique	Nova Scotia	Canada	45.582792	-61.049029	80	1482
Poulamon	Nova Scotia	Canada	45.583183	-61.007047	162	1483
Pirate Harbour	Nova Scotia	Canada	45.583257	-61.384313	14	1484
Port Malcolm	Nova Scotia	Canada	45.583333	-61.283333	10	1485
Marshy Hope	Nova Scotia	Canada	45.583333	-62.2	41	1486
Poirierville	Nova Scotia	Canada	45.583333	-60.933333	58	1487
Mattie Settlement	Nova Scotia	Canada	45.583333	-61.55	81	1488
East Broadway	Nova Scotia	Canada	45.583333	-62.366667	167	1489
Rear Monastery	Nova Scotia	Canada	45.58391879	-61.61436837	8	1490
Westchester Station	Nova Scotia	Canada	45.585	-63.6644	179	1491
Six Mile Brook	Nova Scotia	Canada	45.5858149	-62.895947	58	1492
New Glasgow	Nova Scotia	Canada	45.5871993	-62.6451868	9471	1493
Linacy	Nova Scotia	Canada	45.5875	-62.6083	462	1494
D'Escousse	Nova Scotia	Canada	45.587651	-60.958815	168	1495
Sutherlands River	Nova Scotia	Canada	45.5878	-62.4983	127	1496
Heatherton	Nova Scotia	Canada	45.5879	-61.7921	320	1497
West Earltown	Nova Scotia	Canada	45.5887135	-63.211688	28	1498
Point Michaud	Nova Scotia	Canada	45.5888	-60.6907	32	1499
Southampton	Nova Scotia	Canada	45.5891	-64.2449	382	1500
Salt Springs	Nova Scotia	Canada	45.5913	-62.0017	206	1501
Mount William	Nova Scotia	Canada	45.5919	-62.7119	79	1502
Lower Mount William	Nova Scotia	Canada	45.592797	-62.718238	417	1503
Fraser Mountain	Nova Scotia	Canada	45.595424	-62.621115	151	1504
Spiddle Hill	Nova Scotia	Canada	45.5957075	-63.2006706	16	1505
Lower South River	Nova Scotia	Canada	45.5966	-61.9064	809	1506
Four Mile Brook	Nova Scotia	Canada	45.597706	-62.877833	31	1507
Pomquet River	Nova Scotia	Canada	45.5985897	-61.797475	41	1508
Central New Annan	Nova Scotia	Canada	45.5986204	-63.3316451	74	1509
Pine Tree	Nova Scotia	Canada	45.599561	-62.548423	167	1510
Sylvester	Nova Scotia	Canada	45.5996	-62.7677	273	1511
Barneys River Station	Nova Scotia	Canada	45.6	-62.266667	40	1512
Wentworth Valley	Nova Scotia	Canada	45.6	-63.566667	68	1513
Leamington	Nova Scotia	Canada	45.6	-64.083333	196	1514
Brierly Brook	Nova Scotia	Canada	45.6	-62.066667	317	1515
Grandique Ferry	Nova Scotia	Canada	45.600862	-61.03408	172	1516
Egerton	Nova Scotia	Canada	45.6018	-62.4841	101	1517
Williamsdale	Nova Scotia	Canada	45.6021	-63.8968	222	1518
Bayfield Road	Nova Scotia	Canada	45.6022589	-61.74462	37	1519
Warwick Mountain	Nova Scotia	Canada	45.6026965	-63.3681061	40	1520
Whiteside	Nova Scotia	Canada	45.6035	-61.1746	128	1521
Lower L'Ardoise	Nova Scotia	Canada	45.6039	-60.7365	245	1522
Point Tupper	Nova Scotia	Canada	45.605696	-61.353417	18	1523
Piedmont	Nova Scotia	Canada	45.6062	-62.3714	64	1524
Louisdale	Nova Scotia	Canada	45.6069563	-61.062488	371	1525
Afton Station	Nova Scotia	Canada	45.607847	-61.713730	105	1526
Afton	Nova Scotia	Canada	45.607847	-61.713730	227	1527
Monastery	Nova Scotia	Canada	45.607849	-61.612867	380	1528
Summerside	Nova Scotia	Canada	45.607959	-61.781388	90	1529
Rodney	Nova Scotia	Canada	45.60923819	-64.03381764	211	1530
Collingwood Corner	Nova Scotia	Canada	45.6094	-63.937	225	1531
Trenton	Nova Scotia	Canada	45.6100845	-62.637958	2407	1532
Sommers Road	Nova Scotia	Canada	45.6103816	-62.0324202	127	1533
Taylors Road	Nova Scotia	Canada	45.6106	-61.8767	167	1534
Mulgrave	Nova Scotia	Canada	45.6109288	-61.3939087	627	1535
French River	Nova Scotia	Canada	45.61129059	-63.35036969	102	1536
Diamond	Nova Scotia	Canada	45.613364	-62.941838	20	1537
Lower River Inhabitants	Nova Scotia	Canada	45.6139	-61.2404	62	1538
Millsville	Nova Scotia	Canada	45.61466142	-62.910215	58	1539
Port Hawkesbury	Nova Scotia	Canada	45.6148755	-61.3518164	3210	1540
L'Ardoise	Nova Scotia	Canada	45.615155	-60.766324	214	1541
Rockdale	Nova Scotia	Canada	45.615451	-60.801019	163	1542
Durham	Nova Scotia	Canada	45.6162	-62.8136	446	1543
L'Ardoise West	Nova Scotia	Canada	45.6165779	-60.766054	194	1544
Grosvenor	Nova Scotia	Canada	45.616667	-61.516667	39	1545
East Wentworth	Nova Scotia	Canada	45.616667	-63.483333	78	1546
Windham Hill	Nova Scotia	Canada	45.616667	-64	99	1547
Millvale	Nova Scotia	Canada	45.616667	-63.816667	105	1548
Greenwold	Nova Scotia	Canada	45.6172	-61.9613	535	1549
Evanston	Nova Scotia	Canada	45.6175	-61.2169	237	1550
Rockfield	Nova Scotia	Canada	45.617933	-62.849353	38	1551
Woodburn	Nova Scotia	Canada	45.618	-62.522	119	1552
Bayfield Cross Road	Nova Scotia	Canada	45.618107	-61.7619688	23	1553
Woodburn Station	Nova Scotia	Canada	45.618466	-62.522554	65	1554
Three Island Cove	Nova Scotia	Canada	45.61955757	-60.82933807	47	1555
Loganville	Nova Scotia	Canada	45.619886	-63.047267	41	1556
Rogers Hill	Nova Scotia	Canada	45.6218069	-62.866569	46	1557
Wentworth Station	Nova Scotia	Canada	45.6219	-63.5733	10	1558
Antigonish	Nova Scotia	Canada	45.6224852	-61.9914382	4656	1559
Granton	Nova Scotia	Canada	45.6236	-62.7375	34	1560
Avondale Station	Nova Scotia	Canada	45.62386	-62.296135	27	1561
Tracadie	Nova Scotia	Canada	45.62417724	-61.66569043	251	1562
Anderson Mountain	Nova Scotia	Canada	45.624745	-62.564526	41	1563
Grande Anse	Nova Scotia	Canada	45.6248	-61.0685	493	1564
Durham Hill	Nova Scotia	Canada	45.6255387	-62.8270476	76	1565
Little Harbour Road	Nova Scotia	Canada	45.626191	-62.577959	394	1566
Pomquet	Nova Scotia	Canada	45.626935	-61.844850	459	1567
Greens Point	Nova Scotia	Canada	45.626995	-62.648099	55	1568
Greens Point	Nova Scotia	Canada	45.626995	-62.648099	180	1569
West Arm Tracadie	Nova Scotia	Canada	45.627127	-61.689671	112	1570
Hillside	Nova Scotia	Canada	45.6284078	-62.63830752	132	1571
Williams Point	Nova Scotia	Canada	45.6293	-61.9443	293	1572
Merigomish	Nova Scotia	Canada	45.63	-62.4244	86	1573
River Philip Centre	Nova Scotia	Canada	45.630377	-63.926665	22	1574
Church Point	Nova Scotia	Canada	45.63104588	-60.94271632	89	1575
Abercrombie	Nova Scotia	Canada	45.6311	-62.6906	421	1576
Bayfield	Nova Scotia	Canada	45.631154	-61.746387	115	1577
Merigomish	Nova Scotia	Canada	45.63120916	-62.42673456	184	1578
Tatamagouche Mountain	Nova Scotia	Canada	45.6317	-63.2689	68	1579
Grande Greve	Nova Scotia	Canada	45.6318	-60.8451	69	1580
River Bourgeois	Nova Scotia	Canada	45.6328	-60.9311	384	1581
Lower Greenville	Nova Scotia	Canada	45.633333	-63.616667	41	1582
Antigonish Landlng	Nova Scotia	Canada	45.633333	-61.966667	91	1583
East Tracadie	Nova Scotia	Canada	45.633333	-61.616667	140	1584
Sylvan Valley	Nova Scotia	Canada	45.633333	-62.016667	283	1585
Athol Road	Nova Scotia	Canada	45.633728	-64.081881	221	1586
Avondale	Nova Scotia	Canada	45.63387466	-62.298558	126	1587
Little Egypt Road	Nova Scotia	Canada	45.634162	-62.615183	110	1588
West Branch River John	Nova Scotia	Canada	45.6344	-63.0322	107	1589
Hureauville	Nova Scotia	Canada	45.6346	-61.2349	13	1590
L'Archeveque	Nova Scotia	Canada	45.6348765	-60.57697049	2	1591
South Side River Bourgeois	Nova Scotia	Canada	45.63618807	-60.98391327	87	1592
Balmoral Mills	Nova Scotia	Canada	45.6381142	-63.1861743	63	1593
The Falls	Nova Scotia	Canada	45.6383	-63.2177	128	1594
Marshalls Crossing	Nova Scotia	Canada	45.638791	-62.638017	53	1595
West New Annan	Nova Scotia	Canada	45.6392	-63.3608	58	1596
Rogers Hill Cross Roads	Nova Scotia	Canada	45.63923586	-62.84412204	15	1597
Grand Gully	Nova Scotia	Canada	45.6409514	-60.908829	42	1598
Kings Head	Nova Scotia	Canada	45.641471	-62.528903	94	1599
Elmfield	Nova Scotia	Canada	45.642845	-62.931566	46	1600
Pleasant Hill	Nova Scotia	Canada	45.643019	-61.3701997	86	1601
Loch Broom	Nova Scotia	Canada	45.6448	-62.7518	108	1602
Little Harbour	Nova Scotia	Canada	45.64591194	-62.54961565	86	1603
MacBains Corner	Nova Scotia	Canada	45.646137	-63.124942	9	1604
Springhill	Nova Scotia	Canada	45.6486482	-64.0599649	2654	1605
Aulds Cove	Nova Scotia	Canada	45.6489	-61.4403	210	1606
River Tillard	Nova Scotia	Canada	45.6494	-60.9189	74	1607
South Athol	Nova Scotia	Canada	45.649675	-64.233184	84	1608
Scotsburn	Nova Scotia	Canada	45.649808	-62.851308	273	1609
Fergusons Lake	Nova Scotia	Canada	45.65	-60.6	12	1610
Grand River East	Nova Scotia	Canada	45.65	-60.666667	19	1611
Lynche River	Nova Scotia	Canada	45.65	-60.816667	26	1612
Lewis Cove Road	Nova Scotia	Canada	45.65	-60.7	33	1613
Macintyre Lake	Nova Scotia	Canada	45.65	-61.283333	59	1614
Kempt Road	Nova Scotia	Canada	45.65	-61.166667	71	1615
Monks Head	Nova Scotia	Canada	45.65	-61.833333	207	1616
Clydesdale	Nova Scotia	Canada	45.65	-62.05	236	1617
Grantville	Nova Scotia	Canada	45.6505	-61.2392	112	1618
Grand River	Nova Scotia	Canada	45.6506	-60.6611	54	1619
Lanark	Nova Scotia	Canada	45.650622	-61.935818	212	1620
Linwood	Nova Scotia	Canada	45.650767	-61.574511	257	1621
Greenville Station	Nova Scotia	Canada	45.650954	-63.662545	49	1622
Lower North Grant	Nova Scotia	Canada	45.651101	-62.023056	25	1623
Port Hastings	Nova Scotia	Canada	45.6525872	-61.4029339	90	1624
Scotsburn Road	Nova Scotia	Canada	45.6551435	-62.9429885	15	1625
Melmerby Beach	Nova Scotia	Canada	45.6555045	-62.5011264	22	1626
Hardwood Hill	Nova Scotia	Canada	45.655717	-62.817536	246	1627
Lower Wentworth	Nova Scotia	Canada	45.6572	-63.5463	21	1628
Annandale	Nova Scotia	Canada	45.65935903	-63.40448689	75	1629
Plainfield	Nova Scotia	Canada	45.660171	-62.91591	26	1630
Plainfield	Nova Scotia	Canada	45.660171	-62.91591	73	1631
Balleys Brook	Nova Scotia	Canada	45.6602	-62.2754	58	1632
Frankville	Nova Scotia	Canada	45.6608	-61.5351	346	1633
Big Island	Nova Scotia	Canada	45.6625	-62.4253	44	1634
Balfron	Nova Scotia	Canada	45.662583	-63.2428756	200	1635
Oliver	Nova Scotia	Canada	45.6626976	-63.3240929	121	1636
St. Peter's	Nova Scotia	Canada	45.664	-60.8945	612	1637
Chance Harbour	Nova Scotia	Canada	45.6647	-62.5919	99	1638
Lower Barneys River	Nova Scotia	Canada	45.6652	-62.3481	49	1639
Pictou Landing	Nova Scotia	Canada	45.6661	-62.6833	459	1640
North Grant Trailer Court	Nova Scotia	Canada	45.666229	-62.034488	221	1641
North Grant	Nova Scotia	Canada	45.666229	-62.034488	374	1642
Ragged Reef	Nova Scotia	Canada	45.6666669	-64.466667	28	1643
Cloverville	Nova Scotia	Canada	45.6666669	-62.016667	261	1644
Salt Springs	Nova Scotia	Canada	45.66720571	-63.99841218	38	1645
Cleveland	Nova Scotia	Canada	45.667974	-61.231787	89	1646
South Side Harbour	Nova Scotia	Canada	45.668	-61.8781	107	1647
Jacksonville	Nova Scotia	Canada	45.668431	-60.870351	50	1648
Corbetts Cove	Nova Scotia	Canada	45.6685337	-60.8153949	14	1649
East Earltown	Nova Scotia	Canada	45.6708	-63.1292	22	1650
Lyons Brook	Nova Scotia	Canada	45.671	-62.7789	190	1651
Heathbell	Nova Scotia	Canada	45.671669	-62.842969	49	1652
Wentworth Centre	Nova Scotia	Canada	45.673978	-63.554337	118	1653
River Philip	Nova Scotia	Canada	45.6744	-63.9325	221	1654
Athol	Nova Scotia	Canada	45.675	-64.2161	106	1655
Pictou	Nova Scotia	Canada	45.6761282	-62.708845	3107	1656
Haliburton	Nova Scotia	Canada	45.677532	-62.745355	101	1657
Barra Head	Nova Scotia	Canada	45.6793	-60.7819	24	1658
Troy Trailer Court	Nova Scotia	Canada	45.6797046	-61.4332638	100	1659
Havre Boucher	Nova Scotia	Canada	45.6809129	-61.539024	281	1660
Carters Cove	Nova Scotia	Canada	45.682149	-60.83531	80	1661
Crandall Road	Nova Scotia	Canada	45.682491	-61.323582	45	1662
Cape Jack	Nova Scotia	Canada	45.682916	-61.56712	100	1663
West Havre Boucher	Nova Scotia	Canada	45.6831	-61.5355	192	1664
Thomson Station	Nova Scotia	Canada	45.6833	-63.7967	49	1665
Framboise Intervale	Nova Scotia	Canada	45.683333	-60.433333	11	1666
Black River Road	Nova Scotia	Canada	45.683333	-63.983333	14	1667
Seaview	Nova Scotia	Canada	45.683333	-60.983333	41	1668
Valley Road	Nova Scotia	Canada	45.683333	-63.916667	47	1669
Claremont	Nova Scotia	Canada	45.683333	-63.966667	64	1670
Mackdale	Nova Scotia	Canada	45.683333	-61.35	72	1671
Harbour Centre	Nova Scotia	Canada	45.683333	-61.916667	129	1672
West Wentworth	Nova Scotia	Canada	45.683333	-63.6	172	1673
Sampsonville	Nova Scotia	Canada	45.683333	-60.850000	207	1674
East Havre Boucher	Nova Scotia	Canada	45.68374554	-61.49704722	168	1675
Salt Springs Station	Nova Scotia	Canada	45.683902	-64.008155	28	1676
Glenville	Nova Scotia	Canada	45.68422753	-63.964112	235	1677
Keeble	Nova Scotia	Canada	45.6884355	-63.1841797	28	1678
River Hebert	Nova Scotia	Canada	45.690225	-64.377982	468	1679
Ponds	Nova Scotia	Canada	45.690563	-62.288993	100	1680
Joggins	Nova Scotia	Canada	45.6919	-64.4436	551	1681
Springhill Junction	Nova Scotia	Canada	45.6936	-64.113	258	1682
Hunters Road	Nova Scotia	Canada	45.6936811	-63.5908427	15	1683
Troy	Nova Scotia	Canada	45.6947135	-61.4400872	159	1684
Meadowville	Nova Scotia	Canada	45.695	-62.9194	72	1685
Scotch Hill	Nova Scotia	Canada	45.695298	-62.808994	237	1686
Waughs River	Nova Scotia	Canada	45.6967144	-63.2573096	188	1687
Dundee	Nova Scotia	Canada	45.697139	-61.102317	97	1688
Gunn Road	Nova Scotia	Canada	45.6976107	-63.0321886	34	1689
River Hebert East	Nova Scotia	Canada	45.6990425	-64.361053	496	1690
Cribbons Point	Nova Scotia	Canada	45.699565	-61.931866	29	1691
Mountain Road	Nova Scotia	Canada	45.6995783	-63.1076082	75	1692
Grand River Falls	Nova Scotia	Canada	45.7	-60.633333	22	1693
Birchwood	Nova Scotia	Canada	45.7	-63.783333	56	1694
Ardness	Nova Scotia	Canada	45.7	-62.233333	67	1695
Askilton	Nova Scotia	Canada	45.70039027	-61.29790682	0	1696
Riverside	Nova Scotia	Canada	45.70041385	-61.24923109	49	1697
Soldiers Cove	Nova Scotia	Canada	45.7006	-60.7369	72	1698
Fairmont	Nova Scotia	Canada	45.70062841	-61.98178809	94	1699
French Cove	Nova Scotia	Canada	45.7008	-60.835	84	1700
Mahoney Road	Nova Scotia	Canada	45.7030486	-61.903386	22	1701
Mahoneys Beach	Nova Scotia	Canada	45.70310233	-61.90180655	1	1702
Lismore	Nova Scotia	Canada	45.7037	-62.2635	86	1703
Little Forks	Nova Scotia	Canada	45.706333	-64.149744	111	1704
Braeshore	Nova Scotia	Canada	45.7066381	-62.6574343	143	1705
Denmark	Nova Scotia	Canada	45.7067	-63.1603	100	1706
Jimtown	Nova Scotia	Canada	45.7072114	-61.9015646	26	1707
Oxford Junction	Nova Scotia	Canada	45.7074	-63.8865	243	1708
Tatamagouche	Nova Scotia	Canada	45.7092048	-63.2941871	691	1709
Richmond	Nova Scotia	Canada	45.7103104	-60.5614749	48	1710
Sundridge	Nova Scotia	Canada	45.710443	-62.848282	123	1711
Bay View	Nova Scotia	Canada	45.71209077	-62.675885	97	1712
West Tatamagouche	Nova Scotia	Canada	45.7130967	-63.4035424	80	1713
Knoydart	Nova Scotia	Canada	45.7159	-62.2388	41	1714
Lower Cove	Nova Scotia	Canada	45.716667	-64.433333	45	1715
St. Georges Channel	Nova Scotia	Canada	45.716667	-61.050000	61	1716
Lower River Hebert	Nova Scotia	Canada	45.716667	-64.350000	86	1717
West Hansford	Nova Scotia	Canada	45.716667	-63.8	86	1718
Antigonish Harbour	Nova Scotia	Canada	45.716667	-61.916667	88	1719
Poplar Hill	Nova Scotia	Canada	45.716736	-62.909337	75	1720
Three Brooks	Nova Scotia	Canada	45.718123	-62.782832	298	1721
Waldegrave	Nova Scotia	Canada	45.718198	-63.2315663	117	1722
Barrachois	Nova Scotia	Canada	45.7182712	-63.272239	51	1723
Framboise	Nova Scotia	Canada	45.718569	-60.363694	33	1724
Maccan	Nova Scotia	Canada	45.7206	-64.2492	701	1725
Hansford	Nova Scotia	Canada	45.7211	-63.7625	11	1726
Streets Ridge	Nova Scotia	Canada	45.7223479	-63.632445	56	1727
Central Canbou	Nova Scotia	Canada	45.7232364	-62.7320693	85	1728
North Fourchu	Nova Scotia	Canada	45.723858	-60.250972	45	1729
Brook Road	Nova Scotia	Canada	45.724019	-63.076655	61	1730
West Bay Road	Nova Scotia	Canada	45.72499185	-61.26292389	96	1731
Brule	Nova Scotia	Canada	45.7258765	-63.2115816	78	1732
Bigney	Nova Scotia	Canada	45.727339	-62.994332	38	1733
Welsford	Nova Scotia	Canada	45.72733914	-63.053943	143	1734
McArras Brook	Nova Scotia	Canada	45.7293	-62.2061	48	1735
Creignish	Nova Scotia	Canada	45.72995	-61.458859	144	1736
Victoria	Nova Scotia	Canada	45.729987	-63.680809	14	1737
Caribou Ferry	Nova Scotia	Canada	45.73110037	-62.6918675	9	1738
Morristown	Nova Scotia	Canada	45.7314635	-61.892409	68	1739
Hodson	Nova Scotia	Canada	45.7316	-62.9634	31	1740
Big Marsh	Nova Scotia	Canada	45.732943	-62.012247	119	1741
North Framboise	Nova Scotia	Canada	45.733333	-60.383333	8	1742
West Bay Centre	Nova Scotia	Canada	45.733333	-61.200000	13	1743
Glenora	Nova Scotia	Canada	45.733333	-61.300000	29	1744
Oban	Nova Scotia	Canada	45.733333	-60.916667	29	1745
Queensville	Nova Scotia	Canada	45.733333	-61.366667	43	1746
Maryvale	Nova Scotia	Canada	45.733333	-62.050000	389	1747
Louisville	Nova Scotia	Canada	45.7337573	-63.121959	75	1748
Stirling	Nova Scotia	Canada	45.7338118	-60.43128396	14	1749
Brule Shore	Nova Scotia	Canada	45.7352826	-63.2387879	33	1750
Chignecto	Nova Scotia	Canada	45.7359	-64.2096	124	1751
Oxford	Nova Scotia	Canada	45.7362454	-63.8674353	1170	1752
Hay Cove	Nova Scotia	Canada	45.7383	-60.7247	41	1753
Sand Point	Nova Scotia	Canada	45.73941146	-63.27553698	84	1754
Bayhead	Nova Scotia	Canada	45.7429	-63.3715	127	1755
Creignish Mountain	Nova Scotia	Canada	45.74319205	-61.41913637	5	1756
Waterside	Nova Scotia	Canada	45.747942	-62.764731	62	1757
River John	Nova Scotia	Canada	45.7486	-63.0578	370	1758
South Middleboro	Nova Scotia	Canada	45.75	-63.583333	13	1759
The Points West Bay	Nova Scotia	Canada	45.75	-60.966667	29	1760
Hartford	Nova Scotia	Canada	45.75	-63.633333	39	1761
Toney Mills	Nova Scotia	Canada	45.75	-62.916667	43	1762
Arisaig	Nova Scotia	Canada	45.75	-62.166667	128	1763
Stanley	Nova Scotia	Canada	45.75044798	-64.08181959	74	1764
Barronsfield	Nova Scotia	Canada	45.7514	-64.3464	28	1765
Marshes (West Bay)	Nova Scotia	Canada	45.752426	-61.163124	22	1766
Heath Bell	Nova Scotia	Canada	45.7532	-62.872715	35	1767
Marshville	Nova Scotia	Canada	45.7532609	-63.1185293	54	1768
Roberta	Nova Scotia	Canada	45.75446714	-60.8831943	28	1769
Caribou River	Nova Scotia	Canada	45.7545	-62.8312	143	1770
Middleboro	Nova Scotia	Canada	45.7553	-63.5772	107	1771
Brule Point	Nova Scotia	Canada	45.7563441	-63.2012016	78	1772
Hedgeville	Nova Scotia	Canada	45.75651	-62.988363	45	1773
Caribou Island	Nova Scotia	Canada	45.757172	-62.7246824	41	1774
Malagash Station	Nova Scotia	Canada	45.76086014	-63.41299203	14	1775
Conns Mills	Nova Scotia	Canada	45.76178	-63.704762	33	1776
Fenwick	Nova Scotia	Canada	45.762939	-64.186952	482	1777
Lower Maccan	Nova Scotia	Canada	45.763225	-64.3	70	1778
Westerly	Nova Scotia	Canada	45.763669	-63.05895	30	1779
Kolbec	Nova Scotia	Canada	45.764918	-63.813572	119	1780
Loch Lomond	Nova Scotia	Canada	45.7658	-60.5674	31	1781
Red Islands	Nova Scotia	Canada	45.766667	-60.733333	26	1782
Craigmore	Nova Scotia	Canada	45.766667	-61.466667	49	1783
Six Mile Road	Nova Scotia	Canada	45.766667	-63.516667	62	1784
Roslin	Nova Scotia	Canada	45.766667	-63.783333	67	1785
Princeville	Nova Scotia	Canada	45.766667	-61.300000	89	1786
Mill Creek	Nova Scotia	Canada	45.766667	-64.383333	413	1787
Salem	Nova Scotia	Canada	45.7675	-64.1179	111	1788
South Shore	Nova Scotia	Canada	45.7693749	-63.316462	40	1789
Toney River	Nova Scotia	Canada	45.7697	-62.8911	101	1790
Upper Malagash	Nova Scotia	Canada	45.76973873	-63.37684926	30	1791
Nappan	Nova Scotia	Canada	45.77	-64.2358	349	1792
Doctors Brook	Nova Scotia	Canada	45.772	-62.1364	71	1793
Minudie	Nova Scotia	Canada	45.7746	-64.3615	28	1794
West Leicester	Nova Scotia	Canada	45.7789	-64.0431	125	1795
Amherst Point	Nova Scotia	Canada	45.7822	-64.2872	118	1796
Seafoam	Nova Scotia	Canada	45.782465	-62.974246	31	1797
Kingsville	Nova Scotia	Canada	45.782877	-61.322929	22	1798
Lime Hill	Nova Scotia	Canada	45.783333	-61.116667	15	1799
East Leicester	Nova Scotia	Canada	45.783333	-63.966667	130	1800
Lakevale	Nova Scotia	Canada	45.7834519	-61.919491	185	1801
Upper Nappan	Nova Scotia	Canada	45.7836	-64.1967	473	1802
Malignant Cove	Nova Scotia	Canada	45.783933	-62.081356	140	1803
Wallace Ridge	Nova Scotia	Canada	45.7849	-63.4141	44	1804
Wallace Station	Nova Scotia	Canada	45.7851	-63.4883	49	1805
Kerrs Mill Road	Nova Scotia	Canada	45.7866197	-63.53845	20	1806
Johnstown	Nova Scotia	Canada	45.7867	-60.7383	22	1807
Melville	Nova Scotia	Canada	45.7889	-63.0278	68	1808
Cape John	Nova Scotia	Canada	45.7903	-63.0992	42	1809
Malagash Mine	Nova Scotia	Canada	45.7918868	-63.32029197	49	1810
Pugwash Junction	Nova Scotia	Canada	45.7942	-63.6294	139	1811
North Shore	Nova Scotia	Canada	45.7959	-63.3618	66	1812
East Wallace	Nova Scotia	Canada	45.7959805	-63.4333394	48	1813
North Shore	Nova Scotia	Canada	45.7985988	-63.3750131	27	1814
Malagash Point	Nova Scotia	Canada	45.79875466	-63.26637403	48	1815
Malagash Center	Nova Scotia	Canada	45.7991127	-63.376314	31	1816
Upper Malagash-Malagash	Nova Scotia	Canada	45.7991127	-63.376314	91	1817
Riverview	Nova Scotia	Canada	45.8	-63.783333	70	1818
Brookdale	Nova Scotia	Canada	45.8	-64.166667	886	1819
Upper Grand Mira	Nova Scotia	Canada	45.8044	-60.2967	6	1820
Pugwash River	Nova Scotia	Canada	45.810317	-63.695688	71	1821
Gabarus Lake	Nova Scotia	Canada	45.8106	-60.2367	42	1822
Ripley Loop	Nova Scotia	Canada	45.81073937	-63.85757296	16	1823
Island View Subdivision	Nova Scotia	Canada	45.8110513	-63.404292	105	1824
Victoria Bridge	Nova Scotia	Canada	45.8117	-60.2925	13	1825
Wallace Bridge	Nova Scotia	Canada	45.8119024	-63.5039134	86	1826
Wallace	Nova Scotia	Canada	45.8137672	-63.4733547	223	1827
West Amherst	Nova Scotia	Canada	45.81491433	-64.24330009	262	1828
Pictou Island	Nova Scotia	Canada	45.81549962	-62.55686188	32	1829
Head Of Wallace Bay	Nova Scotia	Canada	45.8161	-63.585	38	1830
South Wallace Bay	Nova Scotia	Canada	45.816667	-63.55	45	1831
Glendale	Nova Scotia	Canada	45.816667	-61.300000	105	1832
Long Point	Nova Scotia	Canada	45.816667	-61.483333	161	1833
Marble Mountain	Nova Scotia	Canada	45.818191	-61.042559	43	1834
Georgeville	Nova Scotia	Canada	45.822	-62.0299	65	1835
Mount Pleasant	Nova Scotia	Canada	45.82306468	-63.84845483	148	1836
Irish Cove	Nova Scotia	Canada	45.8271	-60.6656	9	1837
Cape George	Nova Scotia	Canada	45.831364	-61.926315	190	1838
Rockley	Nova Scotia	Canada	45.831938	-63.746256	33	1839
Hastings	Nova Scotia	Canada	45.832444	-64.123664	49	1840
Hastings	Nova Scotia	Canada	45.832444	-64.123664	165	1841
River Denys	Nova Scotia	Canada	45.832512	-61.175825	87	1842
Big Glen	Nova Scotia	Canada	45.833333	-60.466667	8	1843
South Side River Denys	Nova Scotia	Canada	45.833333	-61.216667	10	1844
Wallace Bay	Nova Scotia	Canada	45.833333	-63.583333	15	1845
Beckwith	Nova Scotia	Canada	45.833333	-63.833333	31	1846
South Pugwash	Nova Scotia	Canada	45.833333	-63.633333	312	1847
North Wallace Bay	Nova Scotia	Canada	45.833839	-63.569313	35	1848
Amherst	Nova Scotia	Canada	45.8344395	-64.2123394	9404	1849
Gabarus	Nova Scotia	Canada	45.8355166	-60.141582	64	1850
North Wallace	Nova Scotia	Canada	45.8367631	-63.491311	103	1851
Malagawatch	Nova Scotia	Canada	45.8382	-60.987696	14	1852
Miller Road	Nova Scotia	Canada	45.844946	-63.619447	36	1853
East Amherst	Nova Scotia	Canada	45.8487	-64.1833	623	1854
Fort Lawrence	Nova Scotia	Canada	45.8491	-64.2609	234	1855
Irish Vale	Nova Scotia	Canada	45.849103	-60.645975	19	1856
Port Philip	Nova Scotia	Canada	45.8494	-63.739	34	1857
Pugwash Point	Nova Scotia	Canada	45.85	-63.661	24	1858
Judique South	Nova Scotia	Canada	45.85	-61.483333	161	1859
Pugwash	Nova Scotia	Canada	45.8507229	-63.6602631	746	1860
West Pugwash	Nova Scotia	Canada	45.851023	-63.694798	105	1861
Valley Mills	Nova Scotia	Canada	45.851639	-61.087266	53	1862
Lake Killarney	Nova Scotia	Canada	45.852342	-63.865067	35	1863
Port Howe	Nova Scotia	Canada	45.8533	-63.7518	108	1864
Fox Harbour	Nova Scotia	Canada	45.8567	-63.4878	24	1865
Middle Cape	Nova Scotia	Canada	45.8583	-60.6083	16	1866
Ballantynes Cove	Nova Scotia	Canada	45.8597	-61.9208	37	1867
Tyndal Road	Nova Scotia	Canada	45.8599	-64.1396	177	1868
Warren	Nova Scotia	Canada	45.861406	-64.150879	258	1869
Truemanville	Nova Scotia	Canada	45.864064	-64.051731	204	1870
Big Harbour Island	Nova Scotia	Canada	45.865198	-60.944503	11	1871
Grand Mira North	Nova Scotia	Canada	45.8659	-60.3094	72	1872
Rear Judique Chapel	Nova Scotia	Canada	45.866667	-61.466667	13	1873
Lower Gulf Shore	Nova Scotia	Canada	45.866667	-63.55	22	1874
Livingstone Cove	Nova Scotia	Canada	45.8667	-61.9725	78	1875
Cameron Beach	Nova Scotia	Canada	45.866773	-63.731983	28	1876
Upper Gulf Shore	Nova Scotia	Canada	45.86717323	-63.59772755	79	1877
Shinimicas	Nova Scotia	Canada	45.873084	-63.915267	78	1878
Melford	Nova Scotia	Canada	45.87392658	-61.25760587	36	1879
Heather Beach	Nova Scotia	Canada	45.875962	-63.762295	12	1880
Judique	Nova Scotia	Canada	45.876337	-61.490497	360	1881
Linden	Nova Scotia	Canada	45.878	-63.8232	91	1882
Big Pond Centre	Nova Scotia	Canada	45.883333	-60.566667	38	1883
Seal Cove	Nova Scotia	Canada	45.88376	-61.100644	32	1884
West Linden	Nova Scotia	Canada	45.883936	-63.845504	20	1885
Upper Linden	Nova Scotia	Canada	45.884766	-63.833199	83	1886
Amherst Head	Nova Scotia	Canada	45.886233	-64.000235	149	1887
Grand Mira South	Nova Scotia	Canada	45.8886	-60.2895	68	1888
French Road	Nova Scotia	Canada	45.8977	-60.2257	42	1889
Salmon River Road	Nova Scotia	Canada	45.8979	-60.3355	14	1890
Campbelldale	Nova Scotia	Canada	45.9	-60.25	39	1891
Lower Shinimacas	Nova Scotia	Canada	45.9	-63.900000	50	1892
Judique North	Nova Scotia	Canada	45.9	-61.483333	73	1893
Big Marsh	Nova Scotia	Canada	45.90053719	-61.198686	67	1894
Orangedale	Nova Scotia	Canada	45.9017	-61.095	105	1895
Big Pond	Nova Scotia	Canada	45.9097	-60.5361	77	1896
Ashfield	Nova Scotia	Canada	45.916171	-61.163336	18	1897
Benacadie Pond	Nova Scotia	Canada	45.9166669	-60.716667	11	1898
Gillis Cove	Nova Scotia	Canada	45.9166669	-61.050000	19	1899
Upper River Denys	Nova Scotia	Canada	45.91819	-61.21404	27	1900
Castle Bay	Nova Scotia	Canada	45.9187	-60.66	12	1901
Louisbourg	Nova Scotia	Canada	45.9221352	-59.9713119	825	1902
Northport	Nova Scotia	Canada	45.932	-63.8642	128	1903
Blues Mills	Nova Scotia	Canada	45.932389	-61.180705	130	1904
Benacadie	Nova Scotia	Canada	45.9331946	-60.7139431	9	1905
Benacadie West	Nova Scotia	Canada	45.933333	-60.733333	16	1906
Ottawa Brook	Nova Scotia	Canada	45.933333	-60.933333	50	1907
Alba Station	Nova Scotia	Canada	45.93381	-61.017265	13	1908
Big Lorraine	Nova Scotia	Canada	45.934083	-59.933163	10	1909
Huntington	Nova Scotia	Canada	45.936631	-60.298398	67	1910
McKinnons Harbour	Nova Scotia	Canada	45.94133	-60.892369	69	1911
Iron Mines	Nova Scotia	Canada	45.941777	-61.149062	37	1912
Little Judique	Nova Scotia	Canada	45.941986	-61.486589	87	1913
Chapman Settlement	Nova Scotia	Canada	45.9464	-63.9317	102	1914
Benacadie Glen	Nova Scotia	Canada	45.94764322	-60.70740275	5	1915
Big Ridge	Nova Scotia	Canada	45.9498313	-60.2165702	73	1916
Baleine	Nova Scotia	Canada	45.95	-59.815	8	1917
Whycocomagh Portage	Nova Scotia	Canada	45.95	-61.016667	13	1918
Jamesville	Nova Scotia	Canada	45.95	-60.850000	19	1919
Glencoe	Nova Scotia	Canada	45.95	-61.333333	62	1920
Little Judique Ponds	Nova Scotia	Canada	45.95	-61.516667	83	1921
Eskasoni	Nova Scotia	Canada	45.95	-60.6167	2575	1922
Upper Glencoe	Nova Scotia	Canada	45.95037054	-61.28168304	2	1923
St. Ninian	Nova Scotia	Canada	45.95056386	-61.43078915	17	1924
Little Lorraine	Nova Scotia	Canada	45.9528491	-59.8663237	61	1925
Amherst Shore	Nova Scotia	Canada	45.956306	-63.8926706	76	1926
Grand Narrows	Nova Scotia	Canada	45.9564	-60.7933	14	1927
Jackson's Point	Nova Scotia	Canada	45.959451	-64.009807	13	1928
Juniper Mount	Nova Scotia	Canada	45.9607521	-60.252376	12	1929
Sandfield	Nova Scotia	Canada	45.9609	-60.2695	61	1930
Iona	Nova Scotia	Canada	45.961106	-60.804982	118	1931
Christmas Island	Nova Scotia	Canada	45.9620054	-60.7615402	26	1932
Highland Hill	Nova Scotia	Canada	45.966211	-60.866403	26	1933
Glencoe	Nova Scotia	Canada	45.966667	-61.316667	12	1934
Rear Christmas Island	Nova Scotia	Canada	45.966667	-60.716667	24	1935
Marion Bridge Road	Nova Scotia	Canada	45.966667	-60.233333	28	1936
Hawthorne	Nova Scotia	Canada	45.966667	-61.466667	51	1937
Barra Glen	Nova Scotia	Canada	45.969017	-60.846116	17	1938
Ben Eoin	Nova Scotia	Canada	45.9711	-60.4475	83	1939
Port Hood Mines	Nova Scotia	Canada	45.973096	-61.502192	69	1940
Whycocomagh	Nova Scotia	Canada	45.9751009	-61.121581	267	1941
Tidnish Bridge	Nova Scotia	Canada	45.9758	-64.0481	80	1942
Glencoe Mills	Nova Scotia	Canada	45.97644623	-61.329590	20	1943
Marion Bridge	Nova Scotia	Canada	45.98	-60.213	183	1944
Catalone	Nova Scotia	Canada	45.983068	-59.984989	181	1945
Grass Cove	Nova Scotia	Canada	45.983333	-60.816667	13	1946
Kewstoke	Nova Scotia	Canada	45.983333	-61.216667	21	1947
Soapstone Mine	Nova Scotia	Canada	45.983333	-61.183333	23	1948
Glencoe Station	Nova Scotia	Canada	45.983333	-61.450000	55	1949
Catalone Road	Nova Scotia	Canada	45.983333	-59.933333	119	1950
Churchview	Nova Scotia	Canada	45.984907	-61.142084	20	1951
Lorneville	Nova Scotia	Canada	45.985554	-63.938577	136	1952
Jubilee	Nova Scotia	Canada	45.987437	-60.932079	10	1953
Tidnish Cross Roads	Nova Scotia	Canada	45.988858	-64.008267	142	1954
Little Narrows	Nova Scotia	Canada	45.992298	-60.982969	96	1955
Aberdeen	Nova Scotia	Canada	45.99259	-61.006808	93	1956
Pleasant Point	Nova Scotia	Canada	45.9950273	-60.44302087	8	1957
Island View	Nova Scotia	Canada	45.9988078	-60.536633	15	1958
Glen Morrison	Nova Scotia	Canada	46	-60.316667	16	1959
Dunmore	Nova Scotia	Canada	46	-61.500000	43	1960
Northside East Bay	Nova Scotia	Canada	46	-60.433333	183	1961
Little River	Nova Scotia	Canada	46.00107481	-61.53209422	8	1962
Gillis Point	Nova Scotia	Canada	46.0022499	-60.807449	14	1963
Chapel Road	Nova Scotia	Canada	46.002743	-61.125244	8	1964
West Lake Ainslie	Nova Scotia	Canada	46.00336168	-61.12493635	55	1965
Main-a-Dieu	Nova Scotia	Canada	46.0051	-59.8469	217	1966
Bateston	Nova Scotia	Canada	46.0053	-59.915	113	1967
Big Beach	Nova Scotia	Canada	46.010521	-60.676735	27	1968
Catalone Gut	Nova Scotia	Canada	46.0109898	-59.9556719	50	1969
East Bay	Nova Scotia	Canada	46.0129	-60.3843	147	1970
Hillside Mira	Nova Scotia	Canada	46.0130694	-60.1494958	7	1971
Port Hood	Nova Scotia	Canada	46.0151061	-61.528929	640	1972
Hillside	Nova Scotia	Canada	46.0154	-60.1465	122	1973
Roseburn	Nova Scotia	Canada	46.016667	-61.233333	15	1974
Hazeldale	Nova Scotia	Canada	46.016667	-60.916667	18	1975
Bucklaw	Nova Scotia	Canada	46.016667	-60.983333	20	1976
Stewartdale	Nova Scotia	Canada	46.016667	-61.166667	27	1977
Brickyard Road	Nova Scotia	Canada	46.016667	-60.016667	100	1978
Southwest Mabou	Nova Scotia	Canada	46.016667	-61.450000	117	1979
Washabuck Bridge	Nova Scotia	Canada	46.01831663	-60.87598545	2	1980
Albert Bridge	Nova Scotia	Canada	46.0197	-60.0584	92	1981
Shunacadie	Nova Scotia	Canada	46.02	-60.6495	25	1982
Ainslie Glen	Nova Scotia	Canada	46.028524	-61.131087	15	1983
Hills Road	Nova Scotia	Canada	46.032799	-60.107053	167	1984
Rocky Ridge	Nova Scotia	Canada	46.033333	-61.483333	11	1985
Upper Washabuck	Nova Scotia	Canada	46.033333	-60.833333	31	1986
Meadows Road	Nova Scotia	Canada	46.033333	-60.300000	94	1987
Skye Glen	Nova Scotia	Canada	46.033333	-61.200000	107	1988
Mira Gut	Nova Scotia	Canada	46.0369	-59.9675	70	1989
Portage	Nova Scotia	Canada	46.0385886	-60.342761	11	1990
Portage	Nova Scotia	Canada	46.0385886	-60.342761	80	1991
MacAdams Lake	Nova Scotia	Canada	46.0408	-60.4512	21	1992
Caribou Marsh	Nova Scotia	Canada	46.043934	-60.202736	165	1993
Brook Village	Nova Scotia	Canada	46.045567	-61.31612	44	1994
Hornes Road	Nova Scotia	Canada	46.0472	-60.0309	156	1995
South Lake Ainslie	Nova Scotia	Canada	46.049499	-61.108366	16	1996
Nevada Valley	Nova Scotia	Canada	46.05	-61.266667	21	1997
Collndale	Nova Scotia	Canada	46.05	-61.516667	51	1998
Front Lake	Nova Scotia	Canada	46.05	-60.166667	92	1999
Channel View Trailer Park	Nova Scotia	Canada	46.051642	-60.454799	102	2000
Round Island	Nova Scotia	Canada	46.0535	-59.9292	16	2001
Rear Boisdale	Nova Scotia	Canada	46.055129	-60.462202	55	2002
Whispering Pines Estates Trailer Park	Nova Scotia	Canada	46.05954737	-60.10888009	46	2003
Gairlock	Nova Scotia	Canada	46.0595612	-60.3006464	90	2004
Gillis Lake	Nova Scotia	Canada	46.06144488	-60.39945116	8	2005
St. Patricks Channel	Nova Scotia	Canada	46.064	-60.851	16	2006
Sydney Forks	Nova Scotia	Canada	46.0656852	-60.294472	419	2007
Dutch Brook	Nova Scotia	Canada	46.0662983	-60.2011704	65	2008
Lower Washabuck	Nova Scotia	Canada	46.066667	-60.766667	32	2009
Rankinville	Nova Scotia	Canada	46.066667	-61.366667	90	2010
Blacketts Lake	Nova Scotia	Canada	46.066667	-60.333333	509	2011
Centreville	Nova Scotia	Canada	46.06680098	-61.23435183	29	2012
Beaver Cove	Nova Scotia	Canada	46.0689	-60.5586	48	2013
Mabou Station	Nova Scotia	Canada	46.06963969	-61.39712867	140	2014
West Mabou Harbour	Nova Scotia	Canada	46.07068	-61.4625	57	2015
Mabou	Nova Scotia	Canada	46.07248503	-61.39120815	316	2016
Howie Centre	Nova Scotia	Canada	46.0792	-60.2622	1106	2017
Inlet Baddeck	Nova Scotia	Canada	46.080977	-60.820938	56	2018
Broughton	Nova Scotia	Canada	46.0812	-59.9635	62	2019
Waddens Cove	Nova Scotia	Canada	46.083333	-59.866667	24	2020
Homeville	Nova Scotia	Canada	46.0838	-59.8987	36	2021
Mabou Harbour	Nova Scotia	Canada	46.08401661	-61.41576572	109	2022
West Lake	Nova Scotia	Canada	46.089582	-61.341349	20	2023
North East Mabou	Nova Scotia	Canada	46.089582	-61.341349	38	2024
Nyanza	Nova Scotia	Canada	46.090251	-60.890798	53	2025
Upper Kempt Head-Kempt Head	Nova Scotia	Canada	46.095832	-60.65041	58	2026
Boisdale	Nova Scotia	Canada	46.0991	-60.5038	80	2027
Coxheath	Nova Scotia	Canada	46.09987413	-60.25760326	2151	2028
Baddeck Bay	Nova Scotia	Canada	46.0999169	-60.754676	202	2029
Baddeck	Nova Scotia	Canada	46.0999169	-60.754676	818	2030
Hays River	Nova Scotia	Canada	46.1	-61.25	49	2031
Smithsville	Nova Scotia	Canada	46.1	-61.333333	57	2032
Morrison Road	Nova Scotia	Canada	46.1	-60.016667	87	2033
Big Farm	Nova Scotia	Canada	46.104401	-60.818064	41	2034
Frenchvale	Nova Scotia	Canada	46.1054	-60.3864	123	2035
Sydney River	Nova Scotia	Canada	46.1054345	-60.2267256	455	2036
Prime Brook	Nova Scotia	Canada	46.1079497	-60.2016375	186	2037
Mira Road	Nova Scotia	Canada	46.1085331	-60.1600709	810	2038
Hunters Mountain	Nova Scotia	Canada	46.111142	-60.861223	50	2039
Black Brook Meadows	Nova Scotia	Canada	46.1165748	-59.9313875	17	2040
Glenora Falls	Nova Scotia	Canada	46.116667	-61.366667	17	2041
Beechmont North	Nova Scotia	Canada	46.116667	-60.333333	19	2042
Plaister Mines	Nova Scotia	Canada	46.120993	-60.649029	10	2043
North Lake Ainslie	Nova Scotia	Canada	46.1214358	-61.182044	34	2044
Birch Grove	Nova Scotia	Canada	46.1215676	-59.9634696	185	2045
Long Hill	Nova Scotia	Canada	46.123123	-60.695251	20	2046
Baddeck Bridge	Nova Scotia	Canada	46.123622	-60.803621	43	2047
Yankee Line	Nova Scotia	Canada	46.124396	-60.92015	41	2048
East Lake Ainslie	Nova Scotia	Canada	46.132	-61.138748	112	2049
Upper Leitches Creek	Nova Scotia	Canada	46.1329541	-60.3837908	85	2050
Sand Lake	Nova Scotia	Canada	46.133333	-59.933333	12	2051
Blackstone	Nova Scotia	Canada	46.133333	-61.300000	19	2052
Ross Ferry	Nova Scotia	Canada	46.133333	-60.583333	27	2053
Barrachois	Nova Scotia	Canada	46.13344322	-60.433214	34	2054
Riverville	Nova Scotia	Canada	46.1335543	-61.333397	40	2055
Ironville	Nova Scotia	Canada	46.1344339	-60.4603838	16	2056
Rear Balls Creek	Nova Scotia	Canada	46.13463437	-60.33015849	159	2057
Mabou Coal Mines	Nova Scotia	Canada	46.13480076	-61.46167036	30	2058
Port Morien	Nova Scotia	Canada	46.1348803	-59.8732886	335	2059
Sydney	Nova Scotia	Canada	46.1367899	-60.194224	30960	2060
Westmount	Nova Scotia	Canada	46.1409	-60.2102	1784	2061
Big Baddeck	Nova Scotia	Canada	46.143292	-60.794978	223	2062
North West Arm	Nova Scotia	Canada	46.14576808	-60.28773454	8	2063
Custom Trailer Court	Nova Scotia	Canada	46.14599	-60.153329	138	2064
Grand Lake Road	Nova Scotia	Canada	46.1470521	-60.1444356	823	2065
Balls Creek	Nova Scotia	Canada	46.1492218	-60.3030156	122	2066
Glenville	Nova Scotia	Canada	46.15	-61.316667	34	2067
Big Harbour	Nova Scotia	Canada	46.15	-60.6	49	2068
Long Beach	Nova Scotia	Canada	46.151891	-59.861152	57	2069
Marconi Towers	Nova Scotia	Canada	46.152826	-59.961453	178	2070
Northeast Mabou	Nova Scotia	Canada	46.154332	-61.376572	47	2071
Leitches Creek	Nova Scotia	Canada	46.1551885	-60.33428	119	2072
Tower Road	Nova Scotia	Canada	46.1565448	-59.9559708	295	2073
Middle River, Centre	Nova Scotia	Canada	46.1567719	-60.923722	23	2074
Middle River	Nova Scotia	Canada	46.1567719	-60.923722	45	2075
Middle River	Nova Scotia	Canada	46.1567719	-60.923722	103	2076
Port Bevis	Nova Scotia	Canada	46.1631016	-60.6534058	42	2077
Edwardsville	Nova Scotia	Canada	46.1662128	-60.2341395	287	2078
Leitches Creek Station	Nova Scotia	Canada	46.166343	-60.307951	26	2079
South Side Of Boularderie	Nova Scotia	Canada	46.1666669	-60.516667	60	2080
Point Edward	Nova Scotia	Canada	46.1666669	-60.266667	189	2081
Boularderie West	Nova Scotia	Canada	46.1726669	-60.490754	34	2082
Port Caledonia	Nova Scotia	Canada	46.1744768	-59.9157768	212	2083
Glen Tosh	Nova Scotia	Canada	46.1744961	-60.62677074	8	2084
West Middle River	Nova Scotia	Canada	46.17832	-60.950171	82	2085
Schooner Pond	Nova Scotia	Canada	46.179068	-59.829522	9	2086
Reserve Mines	Nova Scotia	Canada	46.1802	-60.0195	1100	2087
Donkin	Nova Scotia	Canada	46.181542	-59.874638	532	2088
Forks Baddeck	Nova Scotia	Canada	46.183333	-60.766667	32	2089
Foot Cape	Nova Scotia	Canada	46.183333	-61.300000	68	2090
Strathlorne	Nova Scotia	Canada	46.183333	-61.283333	130	2091
Scotch Lake	Nova Scotia	Canada	46.1839	-60.3672	128	2092
Kenloch	Nova Scotia	Canada	46.186615	-61.273564	36	2093
Upper Middle River	Nova Scotia	Canada	46.187574	-60.934808	105	2094
Scotsville	Nova Scotia	Canada	46.187741	-61.157212	91	2095
Munro Point	Nova Scotia	Canada	46.193071	-60.621598	12	2096
Upper North Sidney	Nova Scotia	Canada	46.1934064	-60.268158	223	2097
Upper North Sydney	Nova Scotia	Canada	46.1934064	-60.268158	387	2098
Maclsaacs Mountain	Nova Scotia	Canada	46.1943523	-61.2929167	26	2099
Glace Bay	Nova Scotia	Canada	46.1969191	-59.9570044	11300	2100
Keppoch	Nova Scotia	Canada	46.2	-61.1	24	2101
South Haven	Nova Scotia	Canada	46.2	-60.583333	72	2102
Boularderie Centre	Nova Scotia	Canada	46.2	-60.5	197	2103
Long Island	Nova Scotia	Canada	46.20032723	-60.38305096	10	2104
North Sydney	Nova Scotia	Canada	46.20748637	-60.24698129	4897	2105
Gardiner Mines	Nova Scotia	Canada	46.2084164	-60.0473479	376	2106
Georges River	Nova Scotia	Canada	46.2091978	-60.3118455	117	2107
Dominion	Nova Scotia	Canada	46.2102422	-60.0251975	1373	2108
St. Anns	Nova Scotia	Canada	46.2128	-60.6204	7	2109
Gannon Road	Nova Scotia	Canada	46.2144229	-60.247802	261	2110
Black Brook	Nova Scotia	Canada	46.216667	-60.433333	35	2111
Broad Cove Banks	Nova Scotia	Canada	46.2171411	-61.33161643	80	2112
North Gut, St. Ann's	Nova Scotia	Canada	46.2172007	-60.6105794	16	2113
River Ryan	Nova Scotia	Canada	46.2233392	-60.086301	239	2114
Inverness	Nova Scotia	Canada	46.2303	-61.3064	1228	2115
Inverside	Nova Scotia	Canada	46.233333	-61.283333	34	2116
Gillisdale	Nova Scotia	Canada	46.233333	-61.133333	46	2117
Deepdale	Nova Scotia	Canada	46.233333	-61.266667	55	2118
Lingan	Nova Scotia	Canada	46.2337906	-60.0441653	229	2119
Groves Point	Nova Scotia	Canada	46.2345777	-60.3336689	254	2120
Victoria Mines	Nova Scotia	Canada	46.2364574	-60.1726798	247	2121
Scotchtown	Nova Scotia	Canada	46.2382694	-60.0999893	1010	2122
Hillside Boularderie	Nova Scotia	Canada	46.24151237	-60.3795436	30	2123
Sydney Mines	Nova Scotia	Canada	46.242273	-60.2306134	6096	2124
Trout Brook	Nova Scotia	Canada	46.2447	-60.1584	176	2125
Goose Cove	Nova Scotia	Canada	46.25	-60.616667	28	2126
Boularderie East	Nova Scotia	Canada	46.25	-60.450000	128	2127
New Dominion	Nova Scotia	Canada	46.2503	-60.4073	25	2128
Broad Cove Chapel	Nova Scotia	Canada	46.25056289	-61.26512209	65	2129
Little Bras D'Or	Nova Scotia	Canada	46.2508	-60.2888	148	2130
New Waterford	Nova Scotia	Canada	46.25325958	-60.09131954	4459	2131
New Harris Settlement	Nova Scotia	Canada	46.253358	-60.486516	12	2132
New Harris Forks	Nova Scotia	Canada	46.253358	-60.486516	18	2133
Bras D'Or	Nova Scotia	Canada	46.253488	-60.2891517	96	2134
New Victoria	Nova Scotia	Canada	46.2560706	-60.1247473	663	2135
Florence	Nova Scotia	Canada	46.2590305	-60.2645268	1251	2136
Harbourview	Nova Scotia	Canada	46.266667	-60.616667	38	2137
Millville Boularderie-Mill Pond	Nova Scotia	Canada	46.2671	-60.3358	366	2138
Big Bras D'or	Nova Scotia	Canada	46.27	-60.4236	283	2139
Rooster Hill	Nova Scotia	Canada	46.27453863	-60.61440156	9	2140
South West Margaree	Nova Scotia	Canada	46.2808629	-61.144252	141	2141
Little Bras D'Or South Slde	Nova Scotia	Canada	46.28090747	-60.2957246	182	2142
Englishtown	Nova Scotia	Canada	46.2819	-60.5436	125	2143
North River Centre	Nova Scotia	Canada	46.283333	-60.616667	15	2144
Little Pond	Nova Scotia	Canada	46.2833484	-60.2666047	169	2145
New Campbellton	Nova Scotia	Canada	46.2915952	-60.440512	13	2146
Dunvegan	Nova Scotia	Canada	46.297699	-61.229122	105	2147
Jersey Cove	Nova Scotia	Canada	46.299432	-60.553798	18	2148
Broad Cove Marsh	Nova Scotia	Canada	46.30032513	-61.24600892	7	2149
Black Rock	Nova Scotia	Canada	46.3005012	-60.38095903	99	2150
Phillip Mountain	Nova Scotia	Canada	46.308334	-61.077758	52	2151
Alder Point	Nova Scotia	Canada	46.30852127	-60.28011073	461	2152
Coady Road	Nova Scotia	Canada	46.316667	-61.133333	8	2153
McCreadyville	Nova Scotia	Canada	46.316667	-60.300000	48	2154
Meadow	Nova Scotia	Canada	46.316667	-60.666667	64	2155
Point Aconi	Nova Scotia	Canada	46.316667	-60.300000	113	2156
Oregon	Nova Scotia	Canada	46.318703	-60.641168	18	2157
North East Margaree	Nova Scotia	Canada	46.3263109	-61.008786	123	2158
Margaree Forks	Nova Scotia	Canada	46.332937	-61.096054	202	2159
Cape Dauphin	Nova Scotia	Canada	46.333333	-60.416667	8	2160
River Bennet	Nova Scotia	Canada	46.333333	-60.533333	18	2161
Tarbot	Nova Scotia	Canada	46.333333	-60.616667	81	2162
Lake O'Law	Nova Scotia	Canada	46.341488	-60.978499	104	2163
St. Rose	Nova Scotia	Canada	46.346858	-61.183321	34	2164
Margaree Centre	Nova Scotia	Canada	46.347391	-60.999079	175	2165
Margaree Valley	Nova Scotia	Canada	46.35	-60.966667	224	2166
Marsh Brook	Nova Scotia	Canada	46.366667	-61.000000	33	2167
Fordview	Nova Scotia	Canada	46.366667	-61.083333	97	2168
Margaree	Nova Scotia	Canada	46.39655693	-61.0761149	171	2169
Chimney Corner	Nova Scotia	Canada	46.4	-61.15	15	2170
Portree	Nova Scotia	Canada	46.4	-60.966667	73	2171
Murray	Nova Scotia	Canada	46.431897	-60.52434	14	2172
Margaree Harbour	Nova Scotia	Canada	46.432479	-61.106465	61	2173
Belle Cote	Nova Scotia	Canada	46.444432	-61.092484	138	2174
Big Intervale	Nova Scotia	Canada	46.45	-60.933333	22	2175
Breton Cove	Nova Scotia	Canada	46.456082	-60.45898	34	2176
Skir Dhu	Nova Scotia	Canada	46.483333	-60.450000	18	2177
Terre Noire	Nova Scotia	Canada	46.483333	-61.066667	47	2178
Birch Plain	Nova Scotia	Canada	46.51784116	-60.42947183	11	2179
St. Joseph Du Moine	Nova Scotia	Canada	46.52487103	-61.06337183	139	2180
Cap Lemoyne	Nova Scotia	Canada	46.532392	-61.051348	37	2181
Grand Etang	Nova Scotia	Canada	46.5444	-61.0461	288	2182
Wreck Cove	Nova Scotia	Canada	46.550271	-60.411302	50	2183
Point Cross	Nova Scotia	Canada	46.583333	-61.016667	174	2184
Plateau	Nova Scotia	Canada	46.6	-61	345	2185
Redman	Nova Scotia	Canada	46.60427788	-61.01889035	169	2186
Belle-Marche	Nova Scotia	Canada	46.616667	-60.983333	217	2187
Ingonish Ferry	Nova Scotia	Canada	46.62756117	-60.38352724	33	2188
Cheticamp Island	Nova Scotia	Canada	46.63121301	-61.02690522	45	2189
South Ingonish Harbour	Nova Scotia	Canada	46.633333	-60.433333	64	2190
La Prairie	Nova Scotia	Canada	46.633333	-60.966667	115	2191
Chéticamp	Nova Scotia	Canada	46.6379	-61.0091	734	2192
Ingonish Beach	Nova Scotia	Canada	46.64182463	-60.40096114	327	2193
Petit-Étang	Nova Scotia	Canada	46.65	-60.966667	295	2194
Ingonish Centre	Nova Scotia	Canada	46.663516	-60.407819	105	2195
Ingonish	Nova Scotia	Canada	46.70979424	-60.36606979	426	2196
Neils Harbour	Nova Scotia	Canada	46.8058	-60.32	174	2197
New Haven	Nova Scotia	Canada	46.816667	-60.333333	118	2198
Pleasant Bay	Nova Scotia	Canada	46.8208	-60.8158	250	2199
South Harbour	Nova Scotia	Canada	46.8619	-60.4661	204	2200
Smelt Brook	Nova Scotia	Canada	46.866667	-60.383333	43	2201
White Point	Nova Scotia	Canada	46.86713484	-60.34838388	40	2202
Burnt Head	Nova Scotia	Canada	46.8673025	-60.3307693	14	2203
Cape North	Nova Scotia	Canada	46.8845389	-60.50621	133	2204
Dingwall	Nova Scotia	Canada	46.8986329	-60.470566	184	2205
Aspy Bay	Nova Scotia	Canada	46.922964	-60.487849	45	2206
Sugar Loaf	Nova Scotia	Canada	46.945057	-60.466594	48	2207
Gray's Hollow	Nova Scotia	Canada	46.96277	-60.487745	15	2208
Bay Road Valley	Nova Scotia	Canada	46.966667	-60.483333	16	2209
St. Margaret Village	Nova Scotia	Canada	46.983333	-60.483333	165	2210
Bay St. Lawrence	Nova Scotia	Canada	46.99884	-60.461536	108	2211
Capstick	Nova Scotia	Canada	47	-60.516667	20	2212
Meat Cove	Nova Scotia	Canada	47.0231	-60.5628	25	2213
Dunmaglass	Nova Scotia	Canada	45.69503858	-62.21294982	13	2214